UID	content	so	ti	pl	ps	book
1	我看汝是想要與我拆散的欸嗬、	52	a	32.01	NULL	語苑四
2	如此沒使得、彼當時汝對我講怎樣	52	a	32.02	NULL	語苑四
3	汝豈無講要飼我到透尾是否、	52	a	32.03	NULL	語苑四
4	今即來反梟無彼隨便、	52	a	32.04	NULL	語苑四
5	汝是在眠夢起戆想嗬。	52	a	32.05	NULL	語苑四
6	我怎樣在眠夢起戆想、	52	a	33.01	NULL	語苑四
7	汝與我敢有沒可拆開的緣分在得是否	52	a	33.02	NULL	語苑四
8	、汝與我敢有沒可拆開的緣分	52	a	33.03	NULL	語苑四
9	在得是否、我若不與汝作伙、	52	a	2.09	NULL	語苑四
10	我想汝亦沒得死嗬。	52	a	2.1	NULL	語苑四
11	唉喲、汝彼無天良、彼當時的事情沒	52	a	2.11	NULL	語苑四
12	記嘮嗬、汝着病彼久沒可起來彼候、	52	a	2.12	NULL	語苑四
13	甚人與汝照顧、厝邊頭尾不論甚人都	52	a	2.13	NULL	語苑四
14	知、汝若要食茶飲滾水的時、若無我	52	a	2.14	NULL	語苑四
15	煎給汝食、汝自己何有可好食、	52	a	2.15	NULL	語苑四
16	尚厝內無半個文、亦着我去借錢來	52	a	2.16	NULL	語苑四
17	tiah米給汝食、借到借無路、	52	a	4.01	NULL	語苑四
18	姑不終將我的査某子去賣、	52	a	4.02	NULL	語苑四
19	好情欸待汝有無。	52	a	4.03	NULL	語苑四
20	咵、汝此辨的真賢放屁、	52	a	34.01	NULL	語苑四
21	我起彼衰被汝無下落的人飼、	52	a	34.02	NULL	語苑四
22	我自己敢有可食即着咧。	52	a	34.03	NULL	語苑四
23	汝此號半路死的、	52	a	34.04	NULL	語苑四
24	汝彼敢講番仔話、來去講給人聽。	52	a	34.05	NULL	語苑四
25	要去就來去閣、我豈有驚汝是否。	52	a	34.06	NULL	語苑四
26	呵、老姆啊、來咧、來咧、真幸哉、	52	a	34.07	NULL	語苑四
27	真適好汝來、請坐請坐、	52	a	34.08	NULL	語苑四
28	我訴一條冤枉的話講給汝聽。	52	a	34.09	NULL	語苑四
29	免講、我較贏汝您夫妻的事情知道透	52	a	34.1	NULL	語苑四
30	底、平時伊去趁錢來飼汝、	52	a	34.11	NULL	語苑四
31	伊破病的時汝應該着照顧伊嗎、	52	a	34.12	NULL	語苑四
32	尚彼當時伊有與汝明呼、	52	a	34.13	NULL	語苑四
33	伊亦要甲汝拆開、無彼條情理、	52	a	35.01	NULL	語苑四
34	總是賣了汝的查某子要拾起來講、	52	a	35.02	NULL	語苑四
35	彼算是無相干嗎、您夫妻尚旦少年、	52	a	35.03	NULL	語苑四
36	後來不知要生若多、就今仔日起大家	52	a	35.04	NULL	語苑四
37	合好、不可冤家、若是被	52	a	35.05	NULL	語苑四
38	厝邊頭尾的人聽見不着真無面皮嗎、	52	a	35.06	NULL	語苑四
39	今着好息。二人被伊喝一下緒恬恬。	52	a	35.07	NULL	語苑四
40	白賊此句話的起因、我講恁聽、	52	a	45.01	NULL	語苑四
41	古早有所在有兩個兄弟仔、	52	a	45.02	NULL	語苑四
42	年尾頭三十下昏、兄弟仔參商、	52	a	45.03	NULL	語苑四
43	在彼講、明仔早是要過年咯、	52	a	45.04	NULL	語苑四
44	咱二人不着講較好話、伊大兄就講、	52	a	45.05	NULL	語苑四
45	小弟仔、內面有炕豬脚、尚有封肉、	52	a	45.06	NULL	語苑四
46	尚有雞肉、尚有粿、汝何不去食、	52	a	45.07	NULL	語苑四
47	伊小弟就講、阿兄在汝的眠床頭	52	a	45.08	NULL	語苑四
48	二百元、何不提出來分、	52	a	45.09	NULL	語苑四
49	明仔早可過年、伊的大兄應好、	52	a	46.01	NULL	語苑四
50	明仔早即來分、	52	a	46.02	NULL	語苑四
51	彼候仔外口適適有一個賊仔有一個	52	a	46.03	NULL	語苑四
52	賊仔有聽見、走入去想要偷提、	52	a	46.04	NULL	語苑四
53	內面空空無半項物、	52	a	46.05	NULL	語苑四
54	伊二個兄弟仔食的炕豬脚、	52	a	46.06	NULL	語苑四
55	就是番薯箍、彼候兄弟仔就知、	52	a	46.07	NULL	語苑四
56	喝有賊仔來偷提、賊聽見喝賊、	52	a	46.08	NULL	語苑四
57	走去匿盛石灰桶裡、	52	a	46.09	NULL	語苑四
58	伊兄弟仔有看見彼塊灰桶在震動、	52	a	46.1	NULL	語苑四
59	走去要拿伊、彼候仔賊扒起來要走、	52	a	46.11	NULL	語苑四
60	伊兄弟仔看着賊仔白白即喝、	52	a	46.12	NULL	語苑四
61	就是白賊、賊仔越頭應伊、	52	a	46.13	NULL	語苑四
62	我是賊、不拘無提汝的物、	52	a	46.14	NULL	語苑四
63	汝講白賊、無物給人偷提。	52	a	46.15	NULL	語苑四
64	古早的時候、有一隻白貓在得、	52	b	32.01	NULL	語苑四
65	較久無食着魚、各日出來海墘、	52	b	32.02	NULL	語苑四
66	so5 來 so5 去、	52	b	32.03	NULL	語苑四
67	有一日遇着大討海(拿有真多魚)、	52	b	32.04	NULL	語苑四
68	魚行店口、魚堆積(歸堆)	52	b	32.05	NULL	語苑四
69	若親像山的欸、	52	b	32.06	NULL	語苑四
70	彼白貓看着此號情形、	52	b	33.01	NULL	語苑四
71	在想欲要偷食一尾魚、	52	b	33.02	NULL	語苑四
72	不拘恐若偷食的時、能被主人打死、	52	b	33.03	NULL	語苑四
73	所以不得以干乾流嘴涎在看、	52	b	33.04	NULL	語苑四
74	貓在看的時、有一個拿魚的、	52	b	33.05	NULL	語苑四
75	夯梹挑要打的欸。	52	b	33.06	NULL	語苑四
76	魚行頭家看着彼個欸即講、	52	b	33.07	NULL	語苑四
77	吉仔不可打得、彼隻白貓不曾做不着	52	b	33.08	NULL	語苑四
78	、又較乖尚更能曉做藝不止有局。	52	b	33.09	NULL	語苑四
79	如此嗬、若是如此、汝與給伊做藝看	52	b	33.1	NULL	語苑四
80	bei得。講好、	52	b	33.11	NULL	語苑四
81	貓仔一次做藝給伊看得。	52	b	33.12	NULL	語苑四
82	貓仔做藝、做了不止有局。	52	b	33.13	NULL	語苑四
83	講、較心適(好笑)、	52	b	34.01	NULL	語苑四
84	遂一尾魚給白貓。歡喜到、	52	b	34.02	NULL	語苑四
85	銜一尾魚要反去厝裡、返來到半路	52	b	34.03	NULL	語苑四
86	遇到一個較惡的烏貓、	52	b	34.04	NULL	語苑四
87	魚遂被烏貓搶去。	52	b	34.05	NULL	語苑四
88	搶了要偷食的時、一隻狗來認着。	52	b	34.06	NULL	語苑四
89	講、一半給我食。講齁、	52	b	34.07	NULL	語苑四
90	汝若是欲食、着去偷提來食。	52	b	34.08	NULL	語苑四
91	聽了怒氣、講什麼、即跳去咬死烏貓	52	b	34.09	NULL	語苑四
92	。叫白貓來、彼尾魚還伊。	52	b	34.1	NULL	語苑四
93	講、好得汝、勞力、即一半要給狗。	52	b	34.11	NULL	語苑四
94	講、我就不是欲食的、遂直直返去。	52	b	34.12	NULL	語苑四
95	恆春的番仔、譬喻有勇壯的人、	52	c	28.01	NULL	語苑四
96	叫做西鄉、	52	c	28.02	NULL	語苑四
97	總是聽見真久彼句話的來歷、	52	c	28.03	NULL	語苑四
98	講是明治七年打牡丹社的時起的、	52	c	28.04	NULL	語苑四
99	是叫彼當時的都督西鄉中將的姓、	52	c	28.05	NULL	語苑四
100	這是有一日查問番仔彼時的實	52	c	29.01	NULL	語苑四
101	在情形自如此寫的。	52	c	29.02	NULL	語苑四
102	有一日探古蹟去到石門、	52	c	29.03	NULL	語苑四
103	適適有一個番仔在石門脚住宿卷、	52	c	29.04	NULL	語苑四
104	伊看着我就倉倉惶惶對我講、	52	c	29.05	NULL	語苑四
105	大人啊、此候不可入去嗬、	52	c	29.06	NULL	語苑四
106	在牡丹崎脚彼、真多番仔在出草、	52	c	29.07	NULL	語苑四
107	in1在打甚貨仔的銃子、	52	c	29.08	NULL	語苑四
108	驚能飛來亦敢、不可去、	52	c	29.09	NULL	語苑四
109	伊是如此勸我、	52	c	29.1	NULL	語苑四
110	所以我即與伊相排在彼坐、	52	c	29.11	NULL	語苑四
111	對伊說勞力、	52	c	29.12	NULL	語苑四
112	不拘我實在是要到此而已、	52	c	29.13	NULL	語苑四
113	不是要去到彼處、無量想着	52	c	29.14	NULL	語苑四
114	汝彼賢講咱的話、此近邊的蕃仔	52	c	29.15	NULL	語苑四
115	攏是像汝彼能是否。	52	c	30.01	NULL	語苑四
116	無、極少、我是因為做駐	52	c	30.02	NULL	語苑四
117	在所的當差不止久、所以即學習的。	52	c	30.03	NULL	語苑四
118	歟如此、汝是何一社的人。	52	c	30.04	NULL	語苑四
119	我是高士滑社出世的、	52	c	30.05	NULL	語苑四
120	不拘現今去牡丹社彼被招。	52	c	30.06	NULL	語苑四
121	到是如此、真適好、這石門的	52	c	30.07	NULL	語苑四
122	古蹟就是恁社與阮日本相TA	52	c	30.08	NULL	語苑四
123	彼當時的光景汝敢知歟、	52	c	30.09	NULL	語苑四
124	知也不知、彼時相TA了後社	52	c	30.1	NULL	語苑四
125	的人、揀阮老父去龜山求乞投降的時	52	c	30.11	NULL	語苑四
126	、返來伊在講、	52	c	31.01	NULL	語苑四
127	日本的大將士叫做西鄉、	52	c	31.02	NULL	語苑四
128	威風凜凜見一下就都俾人能敬服伊、	52	c	31.03	NULL	語苑四
129	以後阮蕃仔大家相傳在講較有勇氣	52	c	31.04	NULL	語苑四
130	較有膽頭的人、	52	c	31.05	NULL	語苑四
131	續稱呼伊叫做西鄉的嘮。	52	c	31.06	NULL	語苑四
132	噯、大人啊、話續講對邊仔去嘮。	52	c	31.07	NULL	語苑四
133	不拘今日頭要落山我無返去沒使得、	52	c	31.08	NULL	語苑四
134	等候別日更相見的時即來講	52	c	31.09	NULL	語苑四
135	相TA彼當時的光景給汝聽、	52	c	31.1	NULL	語苑四
136	汝請。「伊是講一句汝請、續惶惶	52	c	31.11	NULL	語苑四
137	赴赴走對石門內入去了」	52	c	31.12	NULL	語苑四
138	講起時日、	52	c	47.01	NULL	語苑四
139	就是明治四十三年十二月二十五日、	52	c	47.02	NULL	語苑四
140	此日是今年第一終尾的禮拜、	52	c	47.03	NULL	語苑四
141	彼下哺我招阮查某人、	52	c	47.04	NULL	語苑四
142	去北投cit4 tho5半日、	52	c	47.05	NULL	語苑四
143	幸得真如天、攏無風、	52	c	47.06	NULL	語苑四
144	親像內地小春的日、	52	c	47.07	NULL	語苑四
145	要四處cit4 tho5 、	52	c	47.08	NULL	語苑四
146	第一妙的禮拜日。	52	c	47.09	NULL	語苑四
147	二十五日、實在年已經迫咯、	52	c	47.1	NULL	語苑四
148	即要四處cit4 tho5 、	52	c	47.11	NULL	語苑四
149	如此樂暢、	52	c	47.12	NULL	語苑四
150	打算亦是阮二人而已、	52	c	47.13	NULL	語苑四
151	別人的確能笑講是憨氣、	52	c	47.14	NULL	語苑四
152	總是在我有一條因端在得。	52	c	47.15	NULL	語苑四
153	第一就是阮二個夫仔妻、	52	c	47.16	NULL	語苑四
154	是結婚了後、起頭的正月、	52	c	47.17	NULL	語苑四
155	雖然若淡薄準備、	52	c	48.01	NULL	語苑四
156	彼是有的人即着如此、	52	c	48.02	NULL	語苑四
157	在我極其簡便、各項都備好勢	52	c	48.03	NULL	語苑四
158	實在真閑咯、這是一條的因端、	52	c	48.04	NULL	語苑四
159	第二條台灣與內地無相同、	52	c	48.05	NULL	語苑四
160	無適好的所在、可新婚旅行、	52	c	48.06	NULL	語苑四
161	所以沒得合婚彼暗、	52	c	48.07	NULL	語苑四
162	與新娘二個相牽、	52	c	48.08	NULL	語苑四
163	歡喜cit4 tho5、	52	c	48.09	NULL	語苑四
164	今雖然少些較緩、今仔日決定要去	52	c	48.1	NULL	語苑四
165	cit4 tho5、到底阮牽手、	52	c	48.11	NULL	語苑四
166	更較講亦是婦人人、	52	c	48.12	NULL	語苑四
167	恐了別人不知能笑沒、	52	c	48.13	NULL	語苑四
168	無甚要去、到路尾查哺人一下講、	52	c	48.14	NULL	語苑四
169	即決定要去、	52	c	48.15	NULL	語苑四
170	做陣cit4 tho5半日、	52	c	48.16	NULL	語苑四
171	在我想、起初伊無甚愛去、	52	c	48.17	NULL	語苑四
172	是因為做新娘恐見恥。	52	c	48.18	NULL	語苑四
173	汝去何去。	52	d	1.01	NULL	語苑四
174	我是否、我是去車頭送朋友。	52	d	1.02	NULL	語苑四
175	講朋友就是甚人。	52	d	1.03	NULL	語苑四
176	汝亦敢識得、號做…	52	d	1.04	NULL	語苑四
177	彼個不止凍霜客的伊嘮…	52	d	1.05	NULL	語苑四
178	不知是甚人、干乾講如此、	52	d	1.06	NULL	語苑四
179	鬼人能曉得。	52	d	1.07	NULL	語苑四
180	恍惚沒記得、想不出、	52	d	1.08	NULL	語苑四
181	在下斗有大粒痣的伊嘮	52	d	2.01	NULL	語苑四
182	唉、汝是狂是否、	52	d	2.02	NULL	語苑四
183	送到車頭去彼呢相好的朋友	52	d	2.03	NULL	語苑四
184	的名亦續沒記得。	52	d	2.04	NULL	語苑四
185	彼是嘮、在嘴口嘴口講沒得出來、	52	d	2.05	NULL	語苑四
186	呵、想着嘮、號做本島三郎、	52	d	2.06	NULL	語苑四
187	汝亦敢識得嗬。	52	d	2.07	NULL	語苑四
188	名曾聽人講知影、不拘人不識。	52	d	2.08	NULL	語苑四
189	伊此次去何位。落台南。	52	d	2.09	NULL	語苑四
190	歟、送行的人有多人無。	52	d	2.1	NULL	語苑四
191	不知是送伊亦是送甚人、	52	d	2.11	NULL	語苑四
192	總是不止多人、不拘熟識人	52	d	2.12	NULL	語苑四
193	是干乾遇着二三個而已、	52	d	2.13	NULL	語苑四
194	餘者攏是生份人。	52	d	3.01	NULL	語苑四
195	我不曾看見在車頭、人彼呢塡踏。	52	d	3.02	NULL	語苑四
196	彼敢是歸陣要去看共進會的人	52	d	3.03	NULL	語苑四
197	此幇車起身的嘮。	52	d	3.04	NULL	語苑四
198	歟、如此較大面。	52	d	3.05	NULL	語苑四
199	陳兄有在得無。	52	d	41.01	NULL	語苑四
200	有嗬、甚人、請入來坐。	52	d	41.02	NULL	語苑四
201	噯、林兄是否、請過來此旁坐。	52	d	41.03	NULL	語苑四
202	今敢晏咯、隨時來去。	52	d	41.04	NULL	語苑四
203	要何去。唉、不可佯戆、	52	d	42.01	NULL	語苑四
204	汝是昨昏有與我約、	52	d	42.02	NULL	語苑四
205	講要CH我去看狗與猴的弄戲	52	d	42.03	NULL	語苑四
206	嗎。有影有影、	52	d	42.04	NULL	語苑四
207	我今仔日真無閑、	52	d	42.05	NULL	語苑四
208	續沒記得、失禮失禮。	52	d	42.06	NULL	語苑四
209	此後幾點鐘。今五點半了。	52	d	42.07	NULL	語苑四
210	彼號戲幾點鐘搬起。	52	d	42.08	NULL	語苑四
211	敢是六點。	52	d	42.09	NULL	語苑四
212	到是如此、隨時去即赴能着、	52	d	42.1	NULL	語苑四
213	不拘我尚未食暗、	52	d	42.11	NULL	語苑四
214	汝亦敢尚未食嗬、隨便菜而已、	52	d	42.12	NULL	語苑四
215	請與我做陣來去食。	52	d	43.01	NULL	語苑四
216	多謝、我已經食飽了、做汝去食、	52	d	43.02	NULL	語苑四
217	我住此等候。若如此、失陪失陪。	52	d	43.03	NULL	語苑四
218	給汝等候到真久、得罪得罪。	52	d	43.04	NULL	語苑四
219	豈敢豈敢、今着來去。	52	d	43.05	NULL	語苑四
220	好來去、噯、且等咧、	52	d	43.06	NULL	語苑四
221	我沒記得帶票包仔來、	52	d	43.07	NULL	語苑四
222	我去提連鞭來。免去提、我有帶來。	52	d	43.08	NULL	語苑四
223	若如此、汝預見與我出、	52	d	43.09	NULL	語苑四
224	明仔日我即提還汝。	52	d	43.1	NULL	語苑四
225	彼免致意。	52	d	44.01	NULL	語苑四
226	愈行遇講話無知無東續到位、	52	d	44.02	NULL	語苑四
227	就趕緊提二角銀給伊、	52	d	44.03	NULL	語苑四
228	做陣入去內面、	52	d	44.04	NULL	語苑四
229	來在看的人真多、	52	d	44.05	NULL	語苑四
230	大約有二千外人、	52	d	44.06	NULL	語苑四
231	續無位可坐、	52	d	44.07	NULL	語苑四
232	阮二個姑不終即住人的脚尻後在看、	52	d	44.08	NULL	語苑四
233	狗與猴對換在弄戲、	52	d	44.09	NULL	語苑四
234	實在是不止有局、	52	d	44.1	NULL	語苑四
235	續看到息尾。	52	d	44.11	NULL	語苑四
236	就如此cit4 tho5半日、	52	d	47.01	NULL	語苑四
237	日要暗的時、	52	d	47.02	NULL	語苑四
238	坐車對崎仔過、	52	d	47.03	NULL	語苑四
239	到火車頭、	52	d	47.04	NULL	語苑四
240	要去臺北的尾幇車、	52	d	47.05	NULL	語苑四
241	尚有二十外分鐘、	52	d	47.06	NULL	語苑四
242	即入去車頭的厝內、	52	d	47.07	NULL	語苑四
243	坐在等火車、	52	d	47.08	NULL	語苑四
244	彼時日在要暗、	52	d	47.09	NULL	語苑四
245	風不止冷我就如此講。	52	d	47.1	NULL	語苑四
246	怎樣呢、cit4 tho5半日、	52	d	47.11	NULL	語苑四
247	所在有異樣、敢不止趣味嗬」	52	d	47.12	NULL	語苑四
248	「是都着、真有趣味、	52	d	47.13	NULL	語苑四
249	總是一下想起來、	52	d	47.14	NULL	語苑四
250	正月隨時到咯」	52	d	47.15	NULL	語苑四
251	「着咯、總是咱厝的事情、	52	d	47.16	NULL	語苑四
252	各項都準備辦好好、今閑咯」	52	d	47.17	NULL	語苑四
253	「講着此號事情、我就煩惱、	52	d	48.01	NULL	語苑四
254	準備正月的頭項、阮攏沒曉得」	52	d	48.02	NULL	語苑四
255	「哈哈、彼個沒曉得、	52	d	48.03	NULL	語苑四
256	就是新娘貴氣的所在、	52	d	48.04	NULL	語苑四
257	我笑笑如此講、伊就若笑、	52	d	48.05	NULL	語苑四
258	用目睭瞋我、即講、	52	d	48.06	NULL	語苑四
259	「汝此個、真賢講」	52	d	48.07	NULL	語苑四
260	二個在講的時、	52	d	48.08	NULL	語苑四
261	有一個內地查某、	52	d	48.09	NULL	語苑四
262	坐車來到門口、提錢給拖車、	52	d	48.1	NULL	語苑四
263	趕緊入來、	52	d	48.11	NULL	語苑四
264	看見火車尚能赴、	52	d	48.12	NULL	語苑四
265	行二三歩入去、看四處、	52	d	48.13	NULL	語苑四
266	即坐在椅裡等候、	52	d	48.14	NULL	語苑四
267	伊的大腿頂、	52	d	48.15	NULL	語苑四
268	置一個手巾包仔、	52	d	48.16	NULL	語苑四
269	看伊彼欸、	52	d	48.17	NULL	語苑四
270	恰若見耻見耻、較好奇的、	52	d	48.18	NULL	語苑四
271	亦不但東京、	52	d	48.19	NULL	語苑四
272	此處在等的人、	52	d	48.2	NULL	語苑四
273	各個面都向對此個查某去、	52	d	48.21	NULL	語苑四
274	彼候我亦與伊看、	52	d	48.22	NULL	語苑四
275	阮牽手亦與伊看、	52	d	48.23	NULL	語苑四
276	我在想、做人ki心適。	52	d	48.24	NULL	語苑四
277	有一個所在、	52	e	29.01	NULL	語苑四
278	鴛鴦真多在泅的水池、	52	e	29.02	NULL	語苑四
279	號做赤沼、	52	e	29.03	NULL	語苑四
280	將彼附近的庄裡、	52	e	29.04	NULL	語苑四
281	有一個打獵的叫做八平在得、	52	e	29.05	NULL	語苑四
282	此個人、各日去山裡亦是水池、	52	e	29.06	NULL	語苑四
283	打鳥與禽獸、有一日落雪	52	e	29.07	NULL	語苑四
284	落∥∥	52	e	29.08	NULL	語苑四
285	此打獵的像各日如此櫸銃出去、	52	e	30.01	NULL	語苑四
286	去四界都無半獵、	52	e	30.02	NULL	語苑四
287	這敢是傷寒冷即能如此的、	52	e	30.03	NULL	語苑四
288	八平的人、干乾受寒而已、	52	e	30.04	NULL	語苑四
289	即想今仔日是無了時無法度的日、	52	e	30.05	NULL	語苑四
290	即回返來、	52	e	30.06	NULL	語苑四
291	來到彼赤沼邊看沼裡、	52	e	30.07	NULL	語苑四
292	鴛鴦像各日如此在泅水、	52	e	30.08	NULL	語苑四
293	此八平亦是知、自古早	52	e	30.09	NULL	語苑四
294	鴛鴦是無人敢打的事情、	52	e	30.1	NULL	語苑四
295	不拘彼日打無半隻、	52	e	30.11	NULL	語苑四
296	所以看彼號情形、	52	e	30.12	NULL	語苑四
297	無坏遂照得打一隻牝的、	52	e	30.13	NULL	語苑四
298	返來厝裡、	52	e	30.14	NULL	語苑四
299	彼夜打獵的、	52	e	30.15	NULL	語苑四
300	倒在睏的時、	52	e	30.16	NULL	語苑四
301	枕邊頭有一個穿美白長衫白宮女來、	52	e	30.17	NULL	語苑四
302	拖伊的夢、	52	e	30.18	NULL	語苑四
303	講、我是今仔日在赤沼、	52	e	30.19	NULL	語苑四
304	被汝打着的鴛鴦的子、	52	e	31.01	NULL	語苑四
305	各日都阮老母CH	52	e	31.02	NULL	語苑四
306	我去彼水水池裡、	52	e	31.03	NULL	語苑四
307	在泅水歡喜cit4 tho5、	52	e	31.04	NULL	語苑四
308	適彼時、	52	e	31.05	NULL	語苑四
309	汝來打着阮老母、	52	e	31.06	NULL	語苑四
310	所以自明仔日干乾一個、	52	e	31.07	NULL	語苑四
311	孤單較無伴稀微真慘、	52	e	31.08	NULL	語苑四
312	汝明仔日早起、	52	e	31.09	NULL	語苑四
313	去彼水池裡看bei咧、	52	e	31.1	NULL	語苑四
314	汝打着老母的時、	52	e	31.11	NULL	語苑四
315	脫落去毛彼、	52	e	31.12	NULL	語苑四
316	若有看見一隻得人愛的鴛鴦子、	52	e	31.13	NULL	語苑四
317	倒得死就是我、	52	e	31.14	NULL	語苑四
318	拜托汝、	52	e	31.15	NULL	語苑四
319	我的身屍與阮老母的毛、	52	e	31.16	NULL	語苑四
320	彼水池邊做堆與我埋、	52	e	31.17	NULL	語苑四
321	打獵的、聽見遂精神、	52	e	31.18	NULL	語苑四
322	心肝搭嚇、	52	e	31.19	NULL	語苑四
323	適仔的夢不知是真抑不是、	52	e	31.2	NULL	語苑四
324	做了不止可憐事、打獵的、	52	e	31.21	NULL	語苑四
325	翻轉早起較早走去彼水池邊、	52	e	31.22	NULL	語苑四
326	看昨昏打着鴛鴦的時、	52	e	32.01	NULL	語苑四
327	脫落去毛彼、	52	e	32.02	NULL	語苑四
328	看着一隻真古錐的鴛鴦子倒得死、	52	e	32.03	NULL	語苑四
329	打獵的即想、晇、	52	e	32.04	NULL	語苑四
330	鳥仔亦是像如此想父母、	52	e	32.05	NULL	語苑四
331	勿講何況做人的子、	52	e	32.06	NULL	語苑四
332	愈想愈苦、遂彼水池邊堀一孔、	52	e	32.07	NULL	語苑四
333	將鴛鴦子與老母的毛、	52	e	32.08	NULL	語苑四
334	做一下埋、埋了栽一枝墓標、	52	e	32.09	NULL	語苑四
335	講、彼打獵的、	52	e	32.1	NULL	語苑四
336	遂翻心、以後不敢打獵。	52	e	32.11	NULL	語苑四
337	有一個囝仔、去學校讀書、	52	e	47.01	NULL	語苑四
338	要返來厝的時、	52	e	47.02	NULL	語苑四
339	半路適適遇着伊母親、	52	e	47.03	NULL	語苑四
340	母親看着囝仔、	52	e	47.04	NULL	語苑四
341	續留目屎哭、又講。	52	e	47.05	NULL	語苑四
342	您阿爸這次仔怎樣、	52	e	47.06	NULL	語苑四
343	你身軀有勇勇否、你講我聽。	52	e	47.07	NULL	語苑四
344	你出去以后大家無甚麼事情、	52	e	47.08	NULL	語苑四
345	阿爸亦攏無賭博尚無食酒、	52	e	47.09	NULL	語苑四
346	骨力作工課趁錢、	52	e	47.1	NULL	語苑四
347	所以不時有錢可用、	52	e	47.11	NULL	語苑四
348	有米可食、有衫可穿、	52	e	47.12	NULL	語苑四
349	也我各日去讀書、	52	e	47.13	NULL	語苑四
350	讀書若返來、遇着阿爸在無閑、	52	e	47.14	NULL	語苑四
351	我洗米煮飯煮菜、	52	e	48.01	NULL	語苑四
352	做便便、	52	e	48.02	NULL	語苑四
353	等候阿爸返來、	52	e	48.03	NULL	語苑四
354	若是阿爸先返來、就阿爸煮飯等我、	52	e	48.04	NULL	語苑四
355	也阿爸與我洗衫、我掃厝內、	52	e	48.05	NULL	語苑四
356	各日都做如此、也阿爸在講、	52	e	48.06	NULL	語苑四
357	今無老母亦好、	52	e	48.07	NULL	語苑四
358	你若盡心讀書、	52	e	48.08	NULL	語苑四
359	別日仔的確能做大官、	52	e	48.09	NULL	語苑四
360	若是你做大官、	52	e	48.1	NULL	語苑四
361	咱父仔子能快活渡過日、	52	e	48.11	NULL	語苑四
362	歟、別日仔、您老母看咱快活、	52	e	48.12	NULL	語苑四
363	想要愛歸家、亦是沒使得、	52	e	48.13	NULL	語苑四
364	學校先生亦有如此講否、	52	e	48.14	NULL	語苑四
365	講覆水不歸盆、就是這號事、	52	e	48.15	NULL	語苑四
366	伊又更講、	52	e	48.16	NULL	語苑四
367	您母是放棄咱二個出去、	52	e	48.17	NULL	語苑四
368	所致你若是半路遇着您母、	52	e	48.18	NULL	語苑四
369	的確勿叫伊老母、着叫阿姆、	52	e	48.19	NULL	語苑四
370	如此講、阿姆你流目屎哭是怎樣。	52	e	48.2	NULL	語苑四
371	請汝大人、我要愛剪髮、	52	f	21.01	NULL	語苑四
372	不知能准抑無。	52	f	21.02	NULL	語苑四
373	能卻是能准、	52	f	21.03	NULL	語苑四
374	不拘汝實在愛要剪髮是否、	52	f	21.04	NULL	語苑四
375	大人我講給汝聽、	52	f	21.05	NULL	語苑四
376	我已經入監獄十數年久、	52	f	21.06	NULL	語苑四
377	受汝的恩情、	52	f	21.07	NULL	語苑四
378	現時做裁縫第一等的分役、	52	f	21.08	NULL	語苑四
379	或者若是別日給我恩典、	52	f	21.09	NULL	語苑四
380	即有可返去的時、	52	f	21.1	NULL	語苑四
381	猶原是要開裁縫店、	52	f	21.11	NULL	語苑四
382	不拘要交關的人攏是內地人、	52	f	21.12	NULL	語苑四
383	所以即愛要剪髮的嘮。	52	f	21.13	NULL	語苑四
384	汝講如此着、	52	f	22.01	NULL	語苑四
385	裁縫的頭路是將來有望的工藝、	52	f	22.02	NULL	語苑四
386	別日放免的時、	52	f	22.03	NULL	語苑四
387	住城內開裁縫店就的確有趁錢閣。	52	f	22.04	NULL	語苑四
388	尚更頂禮拜日、	52	f	22.05	NULL	語苑四
389	黃玉階先生來監獄教誨的時、	52	f	22.06	NULL	語苑四
390	有與咱講、	52	f	22.07	NULL	語苑四
391	講咱臺灣歸帝國以來文明開化、	52	f	22.08	NULL	語苑四
392	現今不管甚麼事情都攏是進歨發達、	52	f	22.09	NULL	語苑四
393	干乾有一欸無剪髮的事情、	52	f	22.1	NULL	語苑四
394	這是做帝國的臣民的人、	52	f	22.11	NULL	語苑四
395	不止無體面的事。	52	f	22.12	NULL	語苑四
396	實在有影、	52	f	22.13	NULL	語苑四
397	玉階先生的教誨是真正有道理的話、	52	f	22.14	NULL	語苑四
398	先生是有德行有名望、	52	f	22.15	NULL	語苑四
399	阮做官人亦不時在尊敬先生嘮。	52	f	22.16	NULL	語苑四
400	凸風城賢爭庄、	52	f	42.01	NULL	語苑四
401	有二個定愛相賽的、	52	f	42.02	NULL	語苑四
402	一個叫做張三、一個號做李四、	52	f	42.03	NULL	語苑四
403	有一日、兩人夯3鋤頭去巡田水	52	f	42.04	NULL	語苑四
404	、張三豎在自己的田岸頂、	52	f	42.05	NULL	語苑四
405	看着伊隔壁坵的田、	52	f	42.06	NULL	語苑四
406	就嘆大氣在講、噯喝、	52	f	43.01	NULL	語苑四
407	此呢好的田、	52	f	43.02	NULL	語苑四
408	交在別人的手實在是真無彩、	52	f	43.03	NULL	語苑四
409	我若有錢都要與伊買、	52	f	43.04	NULL	語苑四
410	李四應伊講、有影無、	52	f	43.05	NULL	語苑四
411	我一下琢、二個想、	52	f	43.06	NULL	語苑四
412	在要買此坵田、	52	f	43.07	NULL	語苑四
413	何可給汝買、張三就講、	52	f	43.08	NULL	語苑四
414	我干干要買、	52	f	43.09	NULL	語苑四
415	不給汝買、	52	f	43.1	NULL	語苑四
416	兩人相罵遂相掙、	52	f	43.11	NULL	語苑四
417	到尾手、	52	f	43.12	NULL	語苑四
418	李四對張三講、	52	f	43.13	NULL	語苑四
419	因為此號事來相打、	52	f	43.14	NULL	語苑四
420	亦算是大事、	52	f	43.15	NULL	語苑四
421	無過斷就沒條直、	52	f	43.16	NULL	語苑四
422	不拘此庄內、無頭人、	52	f	43.17	NULL	語苑四
423	不如來去見官、	52	f	43.18	NULL	語苑四
424	李四扭張三的手、	52	f	43.19	NULL	語苑四
425	去到衙門、看內底、	52	f	43.2	NULL	語苑四
426	適一個穿長衫的人出來、	52	f	43.21	NULL	語苑四
427	二人料叫是官、就隨跪過落去、	52	f	43.22	NULL	語苑四
428	張三就講、我求一下大老爺、	52	f	43.23	NULL	語苑四
429	請汝聽我分訴、與我辨、	52	f	44.01	NULL	語苑四
430	因為我要買一坵田、是我先買的、	52	f	44.02	NULL	語苑四
431	此個李四是要與我佔去買、	52	f	44.03	NULL	語苑四
432	其起事冤家、真正坳慢、	52	f	44.04	NULL	語苑四
433	李四即講、□鳥汝識無、	52	f	44.05	NULL	語苑四
434	我在想要買是比汝更較久的事情、	52	f	44.06	NULL	語苑四
435	得確不讓汝、	52	f	44.07	NULL	語苑四
436	彼個穿長衫的、聽兩造的話、	52	f	44.08	NULL	語苑四
437	即開嘴問、	52	f	44.09	NULL	語苑四
438	您二個所買的田、在何位？	52	f	44.1	NULL	語苑四
439	二人即講、大老爺、	52	f	44.11	NULL	語苑四
440	都是未買即在相爭、	52	f	44.12	NULL	語苑四
441	若買定着、使冤家、	52	f	44.13	NULL	語苑四
442	彼個穿長衫的、笑笑即講、	52	f	44.14	NULL	語苑四
443	您田都未買、我官嗎都未做、	52	f	44.15	NULL	語苑四
444	等候我官做、	52	f	44.16	NULL	語苑四
445	即與您辨亦沒緩、拂手袖、	52	f	44.17	NULL	語苑四
446	做伊入去、	52	f	45.01	NULL	語苑四
447	即知二人所跑跪的、就是跟班、	52	f	45.02	NULL	語苑四
448	氣一下面烏臭返去、	52	f	45.03	NULL	語苑四
449	後身就知此條事情、笑着能死。	52	f	45.04	NULL	語苑四
450	我聽人講、	52	g	12.01	NULL	語苑四
451	在外口咱本地人要剪髮的較多有影無	52	g	12.02	NULL	語苑四
452	。外口的事情汝那能知呢。	52	g	12.03	NULL	語苑四
453	頂日阮小弟來與我相會面的時、	52	g	12.04	NULL	語苑四
454	有如此講。	52	g	12.05	NULL	語苑四
455	恁本地人與阮內地人平平是帝國	52	g	12.06	NULL	語苑四
456	的臣民此呢久照舊底的款、	52	g	12.07	NULL	語苑四
457	對外國人真羞耻咯。	52	g	12.08	NULL	語苑四
458	汝講如此都着、	52	g	12.09	NULL	語苑四
459	恁大人來了全然文明的設法、	52	g	12.1	NULL	語苑四
460	尚更款待阮犯人此呢好、	52	g	12.11	NULL	語苑四
461	實在是不止歡喜咧。	52	g	12.12	NULL	語苑四
462	汝實在真賢想、要剪髮不止要緊、	52	g	12.13	NULL	語苑四
463	此有稟止、寫汝的號頭與名姓就好。	52	g	12.14	NULL	語苑四
464	此張稟紙我不曾寫、	52	g	12.15	NULL	語苑四
465	此格仔內寫就好是否。	52	g	12.16	NULL	語苑四
466	是、如此好、着當手號。	52	g	12.17	NULL	語苑四
467	唉、拖車的、一把叫緊來。	52	g	31.01	NULL	語苑四
468	嗬來、來咯、請座車、大人要何去。	52	g	31.02	NULL	語苑四
469	我要去大車頭。	52	g	31.03	NULL	語苑四
470	此呢早去是要送行人、	52	g	31.04	NULL	語苑四
471	抑是大人要出外是否。	52	g	31.05	NULL	語苑四
472	無啊、要去迎接昨昏起衫基隆的朋友	52	g	32.01	NULL	語苑四
473	嘮、是如此、到昨昏的大雨、	52	g	32.02	NULL	語苑四
474	今仔日續變好天、不止涼暢嗬。	52	g	32.03	NULL	語苑四
475	是是、噯呀、且等咧、	52	g	32.04	NULL	語苑四
476	我都沒記得夯柺仔來。	52	g	32.05	NULL	語苑四
477	嚄、要怎樣、我空身行倒反去夯來好	52	g	32.06	NULL	語苑四
478	否。如此、汝着訊數倒反去與我夯來	52	g	32.07	NULL	語苑四
479	。(撘車是在車頂等到倦在扒嗄)	52	g	32.08	NULL	語苑四
480	不止晏咯、敢是在半路	52	g	32.09	NULL	語苑四
481	cit4 tho5嗬、彼有影、	52	g	32.1	NULL	語苑四
482	大人看BEI得我的面、	52	g	32.11	NULL	語苑四
483	流汗流到如此、	52	g	32.12	NULL	語苑四
484	何有可cit4 tho5、	52	g	33.01	NULL	語苑四
485	像如此cit4 tho5咯、	52	g	33.02	NULL	語苑四
486	尚傷晏咯、怎樣咯、	52	g	33.03	NULL	語苑四
487	如此我是不止懊惱、	52	g	33.04	NULL	語苑四
488	晇、不使掛意、	52	g	33.05	NULL	語苑四
489	我亦講了較有過頭、沒咯。	52	g	33.06	NULL	語苑四
490	此候不知幾點。敢是六點外嘮。	52	g	33.07	NULL	語苑四
491	如此就無定沒付亦敢。	52	g	33.08	NULL	語苑四
492	的確能付。唉唉、	52	g	33.09	NULL	語苑四
493	彼個是五分前的銒仔是否。	52	g	33.1	NULL	語苑四
494	不是、大人講甚貨、	52	g	33.11	NULL	語苑四
495	彼是賣豆漿的汝知否。	52	g	33.12	NULL	語苑四
496	是如此、汝勿笑、我是較早起來、	52	g	34.01	NULL	語苑四
497	所以真愛睏、	52	g	34.02	NULL	語苑四
498	此候眠眠仔聽見續着驚了。	52	g	34.03	NULL	語苑四
499	到頭幇車、差不多有十五分久了。	52	g	34.04	NULL	語苑四
500	欤如此、到位了垂手、勞力勞力	52	g	34.05	NULL	語苑四
501	、沒咯。汝去買一張入場劵來咧。	52	g	34.06	NULL	語苑四
502	嗬來、此個是五角的嗬。	52	g	34.07	NULL	語苑四
503	是。大人此張單是五錢了、	52	g	34.08	NULL	語苑四
504	五角內面扣五錢起來、	52	g	34.09	NULL	語苑四
505	剩四角半、如此是否、	52	g	34.1	NULL	語苑四
506	大人汝亦着更算着BEI得。	52	g	34.11	NULL	語苑四
507	如此着、無錯、	52	g	35.01	NULL	語苑四
508	工錢兩角銀給汝、如此有到沒。	52	g	35.02	NULL	語苑四
509	有嗬、嚄此呢較加錢給我多謝、	52	g	35.03	NULL	語苑四
510	大人汝要座車返去是否。不是。	52	g	35.04	NULL	語苑四
511	若是如此、汝請汝請。	52	g	35.05	NULL	語苑四
512	啊喲、你這個囝仔何如此講、	52	g	37.01	NULL	語苑四
513	我不是你的老母是怎樣、	52	g	37.02	NULL	語苑四
514	我是你的親生的老母、	52	g	37.03	NULL	語苑四
515	你不叫我老母、	52	g	37.04	NULL	語苑四
516	叫我阿姆是甚事、	52	g	37.05	NULL	語苑四
517	阿爸亦阿爸、攏不知甚麼貨的囝仔、	52	g	37.06	NULL	語苑四
518	叫你如此講是怎樣、	52	g	37.07	NULL	語苑四
519	您阿爸雄恰若虎呢、	52	g	37.08	NULL	語苑四
520	你尚小傼不知甚欸、	52	g	37.09	NULL	語苑四
521	我講到詳細給你聽、	52	g	37.1	NULL	語苑四
522	本是我出去是如此、	52	g	37.11	NULL	語苑四
523	較早您阿爸不是今仔日的欸、	52	g	37.12	NULL	語苑四
524	攏不聽我的話、也攏不聽序大的話、	52	g	37.13	NULL	語苑四
525	各日去酒樓食酒、也暝日賭博、	52	g	37.14	NULL	語苑四
526	攏無一日在得厝、也攏無做工課、	52	g	37.15	NULL	語苑四
527	如此若好額人若浪蕩子亦是無此欸、	52	g	37.16	NULL	語苑四
528	不但如此、座在食山亦崩、	52	g	38.01	NULL	語苑四
529	一日過一日家伙漸漸無去、	52	g	38.02	NULL	語苑四
530	落尾遂無米可煮、	52	g	38.03	NULL	語苑四
531	也無衫可穿、所以無奈何、	52	g	38.04	NULL	語苑四
532	我的粧奩、與金玉器攏總賣人、	52	g	38.05	NULL	語苑四
533	想要糴米買布、如此您阿爸看我有錢	52	g	38.06	NULL	語苑四
534	、隨時強搶去、	52	g	38.07	NULL	語苑四
535	去外口食酒賭博、	52	g	38.08	NULL	語苑四
536	攏無存半個錢返來、	52	g	38.09	NULL	語苑四
537	下昏續無米可煮、	52	g	38.1	NULL	語苑四
538	也顛倒罵我、講是無下落查某咯、	52	g	38.11	NULL	語苑四
539	東西咯、也隨時叫我出去咯、	52	g	38.12	NULL	語苑四
540	如此甚麼人能忍咧、	52	g	38.13	NULL	語苑四
541	若如此無若久、	52	g	38.14	NULL	語苑四
542	咱大家做乞食、	52	g	38.15	NULL	語苑四
543	我也做乞食婆、	52	g	38.16	NULL	語苑四
544	你也想看BEI、甚人能堪咧這慘、	52	g	38.17	NULL	語苑四
545	所以得不的已與伊息、歟、	52	g	38.18	NULL	語苑四
546	您阿爸若無這號、	52	g	38.19	NULL	語苑四
547	我久久麼愛住咱兜、	52	g	38.2	NULL	語苑四
548	我何愛要與伊離緣、所致出來到今、	52	g	38.21	NULL	語苑四
549	無一日無想您二個的事情、	52	g	38.22	NULL	語苑四
550	嗬、遇着暑天、也是寒天、	52	g	38.23	NULL	語苑四
551	也是風雨、暝日定定在想啊啊、	52	g	39.01	NULL	語苑四
552	這候伊在做甚貨、	52	g	39.02	NULL	語苑四
553	也囝仔身軀不知怎樣、	52	g	39.03	NULL	語苑四
554	也有時仔看着別人囝仔又更想、	52	g	39.04	NULL	語苑四
555	啊啊、我的子、也像彼大傼、	52	g	39.05	NULL	語苑四
556	若是我的身邊在得、	52	g	39.06	NULL	語苑四
557	就能顧你的身軀、	52	g	39.07	NULL	語苑四
558	也能給你穿彼呢美衫、	52	g	39.08	NULL	語苑四
559	也能活動cit4 tho5、啊啊	52	g	39.09	NULL	語苑四
560	、阮的母子、前世不知怎樣、	52	g	39.1	NULL	語苑四
561	即能如此、世間亦有真多、	52	g	39.11	NULL	語苑四
562	遇着悽慘、亦沒比咧我的悽慘、	52	g	39.12	NULL	語苑四
563	又我各暗睏、睏亦沒去、	52	g	39.13	NULL	語苑四
564	續夢見、夢着您兩個、半暝起來哭、	52	g	39.14	NULL	語苑四
565	是無稀罕、	52	g	39.15	NULL	語苑四
566	總是別人不知我的心頭悲、	52	g	39.16	NULL	語苑四
567	要叫我嫁別人也叫我去好所在咯、	52	g	39.17	NULL	語苑四
568	如此見時見次、心肝若苦你知不、	52	g	39.18	NULL	語苑四
569	我今一世人、不嫁別人、	52	g	39.19	NULL	語苑四
570	我在想、要去尼姑庵、做尼姑、	52	g	39.2	NULL	語苑四
571	啊啊、想來想去、這悽慘、	52	g	39.21	NULL	語苑四
572	也積德這呢歹、	52	g	40.01	NULL	語苑四
573	是怎樣別人的確無如此。	52	g	40.02	NULL	語苑四
574	暑天的時、大家着較斟酌咧	52	h	30.01	NULL	語苑四
575	不可翕着熱。	52	h	30.02	NULL	語苑四
576	此帮天氣變化無常、飲食起居、	52	h	30.03	NULL	語苑四
577	若無仔細、就能得病。	52	h	30.04	NULL	語苑四
578	人着較活潑咧、盡咱的氣力、	52	h	30.05	NULL	語苑四
579	經營天脚下所有的事業、	52	h	30.06	NULL	語苑四
580	不可畏首畏尾、罔渡過日。	52	h	30.07	NULL	語苑四
581	做事情着較有膽力、不可握驚死、	52	h	30.08	NULL	語苑四
582	放驚飛。	52	h	30.09	NULL	語苑四
583	做官人辦事着公平、	52	h	31.01	NULL	語苑四
584	對百姓着較親切咧。	52	h	31.02	NULL	語苑四
585	做田人不可怠情懶司、	52	h	31.03	NULL	語苑四
586	著照古早人講、	52	h	31.04	NULL	語苑四
587	「日出而作、日入而息」	52	h	31.05	NULL	語苑四
588	即能用得。生理人、	52	h	31.06	NULL	語苑四
589	買賣着照公道、交關往來。	52	h	31.07	NULL	語苑四
590	不可無信用。	52	h	31.08	NULL	語苑四
591	做醫生、着有仁慈的心肝即好、	52	h	31.09	NULL	語苑四
592	不可干乾想要趁錢。	52	h	31.1	NULL	語苑四
593	有一處山頂的宮廟仔、此廟仔內面、	52	h	32.01	NULL	語苑四
594	一個和尚與一個和尚子、	52	h	32.02	NULL	語苑四
595	二個人在住而已、	52	h	32.03	NULL	語苑四
596	和尚是平常真愛食豆腐、	52	h	32.04	NULL	語苑四
597	所以各日都差和尚子去、	52	h	32.05	NULL	語苑四
598	離差不多有一里路的庄裡買豆腐、	52	h	32.06	NULL	語苑四
599	和尚子是各日攜桶子、	52	h	33.01	NULL	語苑四
600	落山去去到庄里就上頭仔到比間厝、	52	h	33.02	NULL	語苑四
601	有一個老大人、	52	h	33.03	NULL	語苑四
602	各日在門口與囝仔作伴在	52	h	33.04	NULL	語苑四
603	cit4 tho5、此和尚子	52	h	33.05	NULL	語苑四
604	對彼間厝面頭前過就叫和尚子講、	52	h	33.06	NULL	語苑四
605	「和尚子汝要去何位」	52	h	33.07	NULL	語苑四
606	「是…我要去橫街嘮」	52	h	33.08	NULL	語苑四
607	「要創甚麼事情」「要去買豆腐」	52	h	33.09	NULL	語苑四
608	翻轉日此和尚子、	52	h	33.1	NULL	語苑四
609	猶原攜桶仔來到庄裡彼個老大人、	52	h	33.11	NULL	語苑四
610	猶原是、	52	h	33.12	NULL	語苑四
611	與囝仔作伴在cit4 tho5、	52	h	33.13	NULL	語苑四
612	此和尚子要過去、	52	h	33.14	NULL	語苑四
613	伊就講、「和尚子汝要何去啊」	52	h	33.15	NULL	語苑四
614	「是…我要去橫街仔」	52	h	34.01	NULL	語苑四
615	「要創甚貨」「要去買豆腐」	52	h	34.02	NULL	語苑四
616	又第二日和尚子經過IN厝面頭前、	52	h	34.03	NULL	語苑四
617	就叫和尚子講、	52	h	34.04	NULL	語苑四
618	「和尚子啊、要何去」	52	h	34.05	NULL	語苑四
619	「要橫街仔」「要創甚」「買豆腐」	52	h	34.06	NULL	語苑四
620	像如此、三翻五覆、	52	h	34.07	NULL	語苑四
621	各日比伊問同款的事情、	52	h	34.08	NULL	語苑四
622	和尚子續淡薄仔怒氣、	52	h	34.09	NULL	語苑四
623	想一絲仔即自己講、	52	h	34.1	NULL	語苑四
624	「緩且是緩且是、	52	h	34.11	NULL	語苑四
625	看有甚麼好法度可給伊落氣一下」	52	h	35.01	NULL	語苑四
626	伊自己在想真久、不拘想攏沒出、	52	h	35.02	NULL	語苑四
627	即返來廟裡、雨和尚參傷講、	52	h	35.03	NULL	語苑四
628	「着着、師傅啊我各日去到庄裡頭	52	h	35.04	NULL	語苑四
629	買豆腐的時候、到彼庄頭、	52	h	35.05	NULL	語苑四
630	有一個老大人、伊就問我講、	52	h	35.06	NULL	語苑四
631	汝要何去、我即應伊講、	52	h	35.07	NULL	語苑四
632	我要去橫街仔、	52	h	35.08	NULL	語苑四
633	伊就更問我講、	52	h	35.09	NULL	語苑四
634	要創甚麼事情、我即應、	52	h	35.1	NULL	語苑四
635	我要去買豆腐此如生問我	52	h	35.11	NULL	語苑四
636	一過抑是二過就我亦無怒氣、	52	h	35.12	NULL	語苑四
637	總是各日如此問我、	52	h	35.13	NULL	語苑四
638	我就是伊看我看不上目所致的、	52	h	35.14	NULL	語苑四
639	所以我即想、	52	h	35.15	NULL	語苑四
640	看有甚麼好法度可給伊落氣抑無、	52	h	35.16	NULL	語苑四
641	想了真久、攏無好法度、	52	h	35.17	NULL	語苑四
642	請汝與我手夯較高咧」	52	h	35.18	NULL	語苑四
643	和尚聽了即髓笑隨講	52	h	36.01	NULL	語苑四
644	「我掠准是甚麼事情呢、	52	h	36.02	NULL	語苑四
645	干乾而已如此而已是否、汝免掛意、	52	h	36.03	NULL	語苑四
646	汝明仔早若是要更去買豆腐的時候、	52	h	36.04	NULL	語苑四
647	伊若是問汝要去何位的時候、	52	h	36.05	NULL	語苑四
648	汝即與伊講、	52	h	36.06	NULL	語苑四
649	我是要去西方極樂淨土如此應就好」	52	h	36.07	NULL	語苑四
650	「好好、今能曉咧、如此就好	52	h	36.08	NULL	語苑四
651	、真勞力汝」	52	h	36.09	NULL	語苑四
652	此和尚子歡喜到跳踋動手、	52	h	36.1	NULL	語苑四
653	在等候明仔早起、	52	h	36.11	NULL	語苑四
654	到翻轉日就此和尚歡喜在想、	52	h	36.12	NULL	語苑四
655	今仔日是得確要給伊落氣一下、	52	h	36.13	NULL	語苑四
656	猶原攜桶仔落山去來到庄裡、	52	h	36.14	NULL	語苑四
657	彼個老大人猶原在門口	52	h	36.15	NULL	語苑四
658	與囝仔作伴在cit4 tho5、	52	h	36.16	NULL	語苑四
659	此和尚子在要過去就叫和尚子講、	52	h	36.17	NULL	語苑四
660	「和尚子汝要何去」	52	h	37.01	NULL	語苑四
661	此時和尚子世紀在心肝內面熟瑠瑠、	52	h	37.02	NULL	語苑四
662	續出真大聲講、	52	h	37.03	NULL	語苑四
663	「是…我是要去西方即樂淨土的嘮」	52	h	37.04	NULL	語苑四
664	老大人就更問、講、	52	h	37.05	NULL	語苑四
665	「歟如此、要創甚貨啊」	52	h	37.06	NULL	語苑四
666	和尚子是無張無持續講、	52	h	37.07	NULL	語苑四
667	「要去買豆腐就是」(好笑啊好笑)	52	h	37.08	NULL	語苑四
668	在早有所在、	52	h	46.01	NULL	語苑四
669	有一個阿公與伊的子孫在得、	52	h	46.02	NULL	語苑四
670	有一日三人同卓食飯、	52	h	46.03	NULL	語苑四
671	彼個孫真歹、	52	h	46.04	NULL	語苑四
672	不食飯干乾要食菜、卓頂的菜、	52	h	46.05	NULL	語苑四
673	各項都挾去食、	52	h	46.06	NULL	語苑四
674	菜湯滴到滿卓恁公與伊罵一下、	52	h	46.07	NULL	語苑四
675	IN孫不聽、	52	h	46.08	NULL	語苑四
676	恁公即怒氣與伊打一下、	52	h	46.09	NULL	語苑四
677	彼個囝仔的老父看見	52	h	46.1	NULL	語苑四
678	IN老父在打IN子、甚然不甘、	52	h	46.11	NULL	語苑四
679	想要為IN子與IN老父計較、	52	h	46.12	NULL	語苑四
680	不拘如此亦真歹勢即不敢	52	h	46.13	NULL	語苑四
681	若是不與伊計較呢、	52	h	47.01	NULL	語苑四
682	IN子干乾被伊打去、	52	h	47.02	NULL	語苑四
683	連鞭就想出一個法度、	52	h	47.03	NULL	語苑四
684	對自己的頭殼一直打、	52	h	47.04	NULL	語苑四
685	彼時恁老父、看見IN子在自己打、	52	h	47.05	NULL	語苑四
686	不知為甚麼事情如此、即問伊講、	52	h	47.06	NULL	語苑四
687	無、汝是在狂不是、	52	h	47.07	NULL	語苑四
688	怎樣仔即如此在打自己、	52	h	47.08	NULL	語苑四
689	IN後生即應伊講、汝都打阮後生、	52	h	47.09	NULL	語苑四
690	更問我甚事情。	52	h	47.1	NULL	語苑四
691	做學生、着專心勤學、	52	i	25.01	NULL	語苑四
692	不可怠惰放肆、廢了學業。	52	i	25.02	NULL	語苑四
693	與人接接、着有信義即好、	52	i	25.03	NULL	語苑四
694	不可易反易覆、誤人的事情。	52	i	25.04	NULL	語苑四
695	交朋友、着選人即好、	52	i	25.05	NULL	語苑四
696	若濫糝交、能累着身。	52	i	25.06	NULL	語苑四
697	做人的序大、教子着有法度、	52	i	25.07	NULL	語苑四
698	不可無教無示、放給伊放縱。	52	i	25.08	NULL	語苑四
699	富豪人、凡公益的事情、	52	i	26.01	NULL	語苑四
700	着教熱心咧、	52	i	26.02	NULL	語苑四
701	不可一毫不拔、干乾顧自己。	52	i	26.03	NULL	語苑四
702	無錢人、不可面細苑人大踋尻、	52	i	26.04	NULL	語苑四
703	着守己本分、認真做綱紀。	52	i	26.05	NULL	語苑四
704	富豪子、不可能曉開、	52	i	26.06	NULL	語苑四
705	沒曉守、着想序大人、	52	i	26.07	NULL	語苑四
706	創業艱苦的所在。	52	i	26.08	NULL	語苑四
707	教育者、着知有一點熱忱的心、	52	i	26.09	NULL	語苑四
708	教育即有效力。	52	i	26.1	NULL	語苑四
709	台灣的學校、着設較多咧、	52	i	26.11	NULL	語苑四
710	若無、台灣人學問沒發達。	52	i	26.12	NULL	語苑四
711	本島人、各個都着都著學國語、	52	i	26.13	NULL	語苑四
712	若不識國語、無國民的資格。	52	i	27.01	NULL	語苑四
713	內地人、着知台灣話、若不識台灣話	52	i	27.02	NULL	語苑四
714	、意思沒得疏通。	52	i	27.03	NULL	語苑四
715	臺灣的無賴漢着除、	52	i	27.04	NULL	語苑四
716	若無除、社會沒得安靜。	52	i	27.05	NULL	語苑四
717	錢糧是歸典主去納、	52	i	28.01	NULL	語苑四
718	業主無干係。家事攏歸查某人料理。	52	i	28.02	NULL	語苑四
719	現在各項都貴抑賤。	52	i	28.03	NULL	語苑四
720	汝講無公道、價錢傷貴。	52	i	28.04	NULL	語苑四
721	此個意思、汝講給我聽。	52	i	28.05	NULL	語苑四
722	叫伊叫到幾那次、亦攏不來、	52	i	28.06	NULL	語苑四
723	是按怎樣。	52	i	28.07	NULL	語苑四
724	汝要來領錢、着開單來較好。	52	i	28.08	NULL	語苑四
725	我今仔日飲水飲到腹肚內∣∣吼。	52	i	29.01	NULL	語苑四
726	彼個物果有、得確沒法去。	52	i	29.02	NULL	語苑四
727	骨力作穡、所以即現在較好額。	52	i	29.03	NULL	語苑四
728	路滑瑠瑠、扛轎的續跌倒。	52	i	29.04	NULL	語苑四
729	水流對窟仔落去、水續臭險險。	52	i	29.05	NULL	語苑四
730	驚三分、不敢與伊議論。	52	i	29.06	NULL	語苑四
731	汝彼張一元的票給我、	52	i	29.07	NULL	語苑四
732	我即找汝五角。	52	i	29.08	NULL	語苑四
733	熟識人是較隨便、免拘禮較好。	52	i	29.09	NULL	語苑四
734	汝寫不着了了、着重重寫。	52	i	29.1	NULL	語苑四
735	估家苦毒媳婦、人聽着真歹勢。	52	i	29.11	NULL	語苑四
736	有一日有一個紳士、	52	i	30.01	NULL	語苑四
737	早早就來電車停留場、	52	i	30.02	NULL	語苑四
738	在等候電車來。	52	i	30.03	NULL	語苑四
739	適彼時、又更一個紳士來。	52	i	30.04	NULL	語苑四
740	看IN兩個紳士是真相識的欸、	52	i	30.05	NULL	語苑四
741	預先來的紳士是在坐的椅起離、	52	i	31.01	NULL	語苑四
742	要讓伊尾後即來的身是坐。	52	i	31.02	NULL	語苑四
743	兩個紳士相讓坐、	52	i	31.03	NULL	語苑四
744	在相讓真久將彼時間別人恬恬在坐。	52	i	31.04	NULL	語苑四
745	二個看見呆到恨去、	52	i	31.05	NULL	語苑四
746	不拘無法度、所以及兩個堅在等、	52	i	31.06	NULL	語苑四
747	等候無若久就電車來。	52	i	31.07	NULL	語苑四
748	二個去電車邊就講汝先生坐、	52	i	31.08	NULL	語苑四
749	豈敢汝先坐、	52	i	31.09	NULL	語苑四
750	如此讓來讓去將彼霎仔發車的時辰到	52	i	31.1	NULL	語苑四
751	、電車是無要俟候、做伊起行。	52	i	31.11	NULL	語苑四
752	二候着驚、生狂追要坐、	52	i	31.12	NULL	語苑四
753	不拘追沒著、	52	i	31.13	NULL	語苑四
754	電車行了較迅速、遂無看見、	52	i	31.14	NULL	語苑四
755	二個不得己要等後帮車坐、	52	i	32.01	NULL	語苑四
756	二個在想、	52	i	32.02	NULL	語苑四
757	以後若是尚更做若像此欸的失錯、	52	i	32.03	NULL	語苑四
758	打損時間、	52	i	32.04	NULL	語苑四
759	所以即後來無相讓。	52	i	32.05	NULL	語苑四
760	如此啊、阿娘仔、你今不可泣、	52	i	38.01	NULL	語苑四
761	我若返去、就與阿爸講、照你此號語	52	i	38.02	NULL	語苑四
762	、又更做好話與伊講、	52	i	38.03	NULL	語苑四
763	講叫你歸家。	52	i	38.04	NULL	語苑四
764	有影無、啊、此個囝仔、	52	i	38.05	NULL	語苑四
765	此呢賢、你返去的確着如此講、	52	i	38.06	NULL	語苑四
766	啊喲、真好聽。嚄、我如此講一句、	52	i	38.07	NULL	語苑四
767	你搔我的頭壳、續仔笑呅呅連鞭泣、	52	i	38.08	NULL	語苑四
768	連鞭笑、若像搬戲人。	52	i	38.09	NULL	語苑四
769	臭短命、夭壽仔。嚄、續變面咯。	52	i	38.1	NULL	語苑四
770	死囝仔鬼、此一個銀給你零碎用。	52	i	38.11	NULL	語苑四
771	彼多錢不可、恐能被人帶疑、	52	i	38.12	NULL	語苑四
772	講是暗人的錢。	52	i	38.13	NULL	語苑四
773	沒嘮、明明我提給你的、	52	i	38.14	NULL	語苑四
774	抑使恐、你着收氣來藏。	52	i	38.15	NULL	語苑四
775	歟、若是如此、	52	i	38.16	NULL	語苑四
776	你以後屢屢提來給我好不。	52	i	38.17	NULL	語苑四
777	你此個三八囝仔、今着返去。	52	i	38.18	NULL	語苑四
778	好、我要返來去、	52	i	38.19	NULL	語苑四
779	阿娘仔你要返去、路裡行能好、	52	i	38.2	NULL	語苑四
780	不可跌倒、也銀不可被用仔槍去、	52	i	38.21	NULL	語苑四
781	啊喲、你何彼賢、	52	i	38.22	NULL	語苑四
782	彼句話、是我想要與你講的、	52	i	38.23	NULL	語苑四
783	續被你先講去咯。	52	i	38.24	NULL	語苑四
784	無咯、我在想你若跌倒、	52	i	38.25	NULL	語苑四
785	恐能錢打不見、也被賊搶去、	52	i	38.26	NULL	語苑四
786	就後次我來此、要提你的錢、	52	i	38.27	NULL	語苑四
787	恐你續無錢可給我、	52	i	38.28	NULL	語苑四
788	第一恐是此條不是講煩惱你跌死。	52	i	38.29	NULL	語苑四
789	啊喲、你此個不孝子講到此號話。	52	i	38.3	NULL	語苑四
790	不孝都着、我不是你的子	52	i	38.31	NULL	語苑四
791	我是阿爸的子。	52	i	38.32	NULL	語苑四
792	你何此呢狡怪、我的錢提了、	52	i	38.33	NULL	語苑四
793	續講不笑話、啊、氣、	52	i	38.34	NULL	語苑四
794	啊你起狂也不是你要打死我、	52	i	38.35	NULL	語苑四
795	你要預先吩咐我彼句話、	52	i	38.36	NULL	語苑四
796	是甚麼人要去與爸爸講、	52	i	38.37	NULL	語苑四
797	我緊給你打死、你緊打你緊打。	52	i	38.38	NULL	語苑四
798	啊喲、我有一條空隙的所在、	52	i	38.39	NULL	語苑四
799	在得、所以你挾靠我也不是、	52	i	38.4	NULL	語苑四
800	你此號格骨的子。	52	i	38.41	NULL	語苑四
801	嚄、笑咯笑咯、連鞭氣連鞭笑、	52	i	38.42	NULL	語苑四
802	此號不是搬戲人。	52	i	38.43	NULL	語苑四
803	汝是賣股字、賣了有得利抑無。	52	l	1.01	NULL	語苑四
804	無、蝕本真多。在我打算、	52	l	1.02	NULL	語苑四
805	汝敢是在想得卻沒蝕本嗬。	52	l	1.03	NULL	語苑四
806	是、實在是打不着算。	52	l	1.04	NULL	語苑四
807	汝得確不可餒志、	52	l	1.05	NULL	語苑四
808	西洋話的俗語話有講、	52	l	1.06	NULL	語苑四
809	「好運後錣即來」。彼欸的來情、	52	l	1.07	NULL	語苑四
810	我此久無想去得訣、	52	l	1.08	NULL	語苑四
811	就是我在所靠的事情、	52	l	2.01	NULL	語苑四
812	十個其中八九個料無着準。	52	l	2.02	NULL	語苑四
813	這算是別條、我此久聽風聲在講、	52	l	2.03	NULL	語苑四
814	彼號硬直的西山兄、	52	l	2.04	NULL	語苑四
815	伊此久在數想一個幼嫩的標緻、	52	l	2.05	NULL	語苑四
816	不知有影無。有影、	52	l	2.06	NULL	語苑四
817	我在想伊是一直想到痰亂去、	52	l	2.07	NULL	語苑四
818	續沒亂心不着真好。	52	l	2.08	NULL	語苑四
819	沒敢咯。若如此、汝打算怎樣、	52	l	2.09	NULL	語苑四
820	伊是能得遂願是否。	52	l	2.1	NULL	語苑四
821	彼自然閣、	52	l	2.11	NULL	語苑四
822	我打算伊是得確娶能着彼個	52	l	2.12	NULL	語苑四
823	搭心的婦人人。	52	l	2.13	NULL	語苑四
824	阿貴仔、攜水來沃此盆花。	52	l	18.01	NULL	語苑四
825	好、連鞭攜來。	52	l	18.02	NULL	語苑四
826	頭家啊、有一個人客要來尋汝。	52	l	18.03	NULL	語苑四
827	甚麼人汝知否。	52	l	18.04	NULL	語苑四
828	頂日屢屢來、彼個人嘮。	52	l	19.01	NULL	語苑四
829	歟如此、是彼個本島人、	52	l	19.02	NULL	語苑四
830	姓潘名叫謙忠伊是否。	52	l	19.03	NULL	語苑四
831	着、彼個人。汝去叫伊入來坐。	52	l	19.04	NULL	語苑四
832	好、我即去講。	52	l	19.05	NULL	語苑四
833	先生啊、食飽未。	52	l	19.06	NULL	語苑四
834	噯、汝來是否、彼罕行、入來坐。	52	l	19.07	NULL	語苑四
835	好好。真久不曾相見。	52	l	19.08	NULL	語苑四
836	彼有影、真久不曾相見。	52	l	19.09	NULL	語苑四
837	請坐請坐、請食煙。	52	l	20.01	NULL	語苑四
838	免費神、汝食汝食。	52	l	20.02	NULL	語苑四
839	嚄、此盆花真美、尚真大蕊。	52	l	20.03	NULL	語苑四
840	我未曾看見、本成本島無此號花。	52	l	20.04	NULL	語苑四
841	此個是英國的春仔花嘮、	52	l	20.05	NULL	語苑四
842	汝嚊看BEI咧、真芳真芳。	52	l	20.06	NULL	語苑四
843	有影真芳、	52	l	20.07	NULL	語苑四
844	差不多着五元銀。	52	l	20.08	NULL	語苑四
845	嚄、貴到如此。	52	l	20.09	NULL	語苑四
846	本島人此號花愛看否。	52	l	20.1	NULL	語苑四
847	有錢人較愛看花。無錢人按怎無愛。	52	l	21.01	NULL	語苑四
848	愛都愛、不拘無閑沒得照顧。	52	l	21.02	NULL	語苑四
849	真謅鬧汝、今我要返去。	52	l	21.03	NULL	語苑四
850	尚早嘮、不更坐。	52	l	21.04	NULL	語苑四
851	好、別日即更來拜候。	52	l	21.05	NULL	語苑四
852	是如此、今仔日真怠慢、	52	l	21.06	NULL	語苑四
853	無甚麼可欸待汝不止失陪失陪。	52	l	21.07	NULL	語苑四
854	豈敢豈敢、汝請。	52	l	21.08	NULL	語苑四
855	閑即更來cit4 tho5。	52	l	21.09	NULL	語苑四
856	好好。	52	l	21.1	NULL	語苑四
857	我年十九歲、	52	l	24.01	NULL	語苑四
858	今即來京城、	52	l	24.02	NULL	語苑四
859	經過四年返來看汝、	52	l	24.03	NULL	語苑四
860	更再四年、	52	l	24.04	NULL	語苑四
861	我返去河陽巡視墳墓、	52	l	24.05	NULL	語苑四
862	彼時遇着兄嫂過身、	52	l	24.06	NULL	語苑四
863	汝來葬阮兄嫂又更兩年	52	l	24.07	NULL	語苑四
864	吾來站汴州彼做官、	52	l	24.08	NULL	語苑四
865	帮佐董丞相、彼時汝來看我、	52	l	24.09	NULL	語苑四
866	住一年汝與我講近去要搬家後來、	52	l	24.1	NULL	語苑四
867	至明年、遇着丞相死、	52	l	24.11	NULL	語苑四
868	我無住汴州汝亦續無來、	52	l	24.12	NULL	語苑四
869	彼年我在徐州辦武營的事情、	52	l	24.13	NULL	語苑四
870	使人去CH汝來、	52	l	25.01	NULL	語苑四
871	彼個人即起身、	52	l	25.02	NULL	語苑四
872	我又無做官、更去別位、	52	l	25.03	NULL	語苑四
873	汝到尾無來、	52	l	25.04	NULL	語苑四
874	我想汝若是來從我住此東旁、	52	l	25.05	NULL	語苑四
875	此東旁亦是出外做人客的所在、	52	l	25.06	NULL	語苑四
876	沒使住得久、	52	l	25.07	NULL	語苑四
877	若是打算要做久長的所在、	52	l	25.08	NULL	語苑四
878	不值着反去咱西旁的鄉里	52	l	25.09	NULL	語苑四
879	可與汝成家置伙給汝成人、	52	l	25.1	NULL	語苑四
880	唉喲那知汝此呢緊放棄我續死呵。	52	l	25.11	NULL	語苑四
881	柱龜癖	52	l	30.01	NULL	語苑四
882	在東京日本橋區駿河街三越	52	l	30.02	NULL	語苑四
883	彩帛店的理事、	52	l	30.03	NULL	語苑四
884	叫做姓藤村名是喜七郎君、	52	l	30.04	NULL	語苑四
885	此個人的居家是在品川、	52	l	30.05	NULL	語苑四
886	各日搭火車對店往來	52	l	30.06	NULL	語苑四
887	自透早有去店裡、	52	l	30.07	NULL	語苑四
888	辦事情真多、	52	l	30.08	NULL	語苑四
889	透日無閑剌剌不止硬斗、	52	l	30.09	NULL	語苑四
890	辦到要暗仔就遍身散了了、	52	l	30.1	NULL	語苑四
891	所以自店要返來居家的時候、	52	l	30.11	NULL	語苑四
892	入在火車底坐落椅着柱龜常在、	52	l	31.01	NULL	語苑四
893	慣勢慣勢。	52	l	31.02	NULL	語苑四
894	有一日在車內睏到交睫、	52	l	31.03	NULL	語苑四
895	沒記得坐到橫濱即醒神、	52	l	31.04	NULL	語苑四
896	第二日伊要返去厝的沿路在想、	52	l	31.05	NULL	語苑四
897	今得得確確不敢車內柱龜、	52	l	31.06	NULL	語苑四
898	想定入去二等車即坐、	52	l	31.07	NULL	語苑四
899	坐到脚川未燒著、	52	l	31.08	NULL	語苑四
900	猶原隨柱龜柱過來	52	l	31.09	NULL	語苑四
901	抑柱過去與平時仝欸、	52	l	31.1	NULL	語苑四
902	睏到眠夢看不止暢樂的欸的時候、	52	l	31.11	NULL	語苑四
903	有聽見甚麼聲、	52	l	31.12	NULL	語苑四
904	忽然間醒神起來、	52	l	31.13	NULL	語苑四
905	目睭仔擂擂、	52	l	31.14	NULL	語苑四
906	看東看西就火車有在停脚、	52	l	31.15	NULL	語苑四
907	所以藤村君隨時豎起來、	52	l	31.16	NULL	語苑四
908	開門扇一隻布雨傘夯去都	52	l	31.17	NULL	語苑四
909	行到車頭的簷前脚看看、	52	l	31.18	NULL	語苑四
910	有藏在彼位的椅、	52	l	31.19	NULL	語苑四
911	有四面的光景有異樣、	52	l	31.2	NULL	語苑四
912	即與伊車廠的人有問、	52	l	31.21	NULL	語苑四
913	此位是甚麼所在、	52	l	31.22	NULL	語苑四
914	彼個人就應此位就是新橋停車場嘮、	52	l	31.23	NULL	語苑四
915	藤村君聽見伊的話即講、	52	l	31.24	NULL	語苑四
916	嘎如此尚未開車是否、	52	l	31.25	NULL	語苑四
917	勞力汝、	52	l	31.26	NULL	語苑四
918	今年算是羊的年、	59	a	19.01	NULL	語苑十二
919	所以想要愛來講緬羊的事情、	59	a	19.02	NULL	語苑十二
920	號做厝內精生、上早的、就是緬羊、	59	a	19.03	NULL	語苑十二
921	性極溫順、養飼亦是無難、	59	a	19.04	NULL	語苑十二
922	自早在外國、人活在世間、	59	a	19.05	NULL	語苑十二
923	無此號畜生、沒免呢、	59	a	19.06	NULL	語苑十二
924	彼號肉比牛肉、是較贏、無較輸、	59	a	19.07	NULL	語苑十二
925	尚奄刂的緬羊、	59	a	19.08	NULL	語苑十二
926	在外國見位的料理店、	59	a	20.01	NULL	語苑十二
927	都來做燒肉在食。講到羊毛、	59	a	20.02	NULL	語苑十二
928	用路極濶用羊毛來織的哖仔、	59	a	20.03	NULL	語苑十二
929	更較多、在咱國、	59	a	20.04	NULL	語苑十二
930	既然配有過幾千万圓入來、	59	a	20.05	NULL	語苑十二
931	羊毛看羊種、性質足有差、	59	a	20.06	NULL	語苑十二
932	暖國一年毛刈二次、寒國刈一次、	59	a	20.07	NULL	語苑十二
933	尚生出世、六月到八月日以後、	59	a	20.08	NULL	語苑十二
934	就能使得打種呢、實在生育是真緊、	59	a	20.09	NULL	語苑十二
935	尚與牛同一樣、是反草動物、	59	a	20.1	NULL	語苑十二
936	專食草、菜根、尚五穀、	59	a	20.11	NULL	語苑十二
937	也免強給伊食、尚毛與別項的動物、	59	a	20.12	NULL	語苑十二
938	是無同一欵、	59	a	21.01	NULL	語苑十二
939	軟軟極多油所以未織的時、	59	a	21.02	NULL	語苑十二
940	著預先曝給伊油干乾、	59	a	21.03	NULL	語苑十二
941	現今彼號油、來精練做膏藥、	59	a	21.04	NULL	語苑十二
942	是真珍重、尚屎尿來做肥、	59	a	21.05	NULL	語苑十二
943	是真好、膓仔細較長、真正複雜、	59	a	21.06	NULL	語苑十二
944	形容講、彎彎曲曲的路、講如羊膓、	59	a	21.07	NULL	語苑十二
945	是支那人將此號緬羊去破腹、	59	a	21.08	NULL	語苑十二
946	就已經知影彼號的欵勢、	59	a	21.09	NULL	語苑十二
947	尚對此號羊膓、能取得極貴的膓線、	59	a	21.1	NULL	語苑十二
948	來做外科治療用、是極要緊、	59	a	21.11	NULL	語苑十二
949	羊仔子、生一月日以後、就著奄刂、	59	a	21.11	NULL	語苑十二
950	定著著斬尾、有一號生乳的緬羊、	59	a	21.11	NULL	語苑十二
951	真多種、和蘭出產的羊、	59	a	22.01	NULL	語苑十二
952	用乳給牛子食、做牛子的乳母、	59	a	22.02	NULL	語苑十二
953	也是真心色又性因為真柔軟、	59	a	22.03	NULL	語苑十二
954	見著豺狼、給伊咬來食去、	59	a	22.04	NULL	語苑十二
955	給狗追到攏沒對咧、將來來飼緬羊、	59	a	22.05	NULL	語苑十二
956	大大有望。	59	a	22.06	NULL	語苑十二
957	NULL	59	a	22	NULL	語苑十二
958	近來因為各項起價、五谷不足、	59	a	22.01	NULL	語苑十二
959	人欠厝居各位都在講難度日仔、	59	a	22.02	NULL	語苑十二
960	尚且在防寒用的、攏沒使得所欠的、	59	a	22.03	NULL	語苑十二
961	哖仔、	59	a	22.04	NULL	語苑十二
962	羽斜、	59	a	23.01	NULL	語苑十二
963	mosulin等項的毛織類、	59	a	23.02	NULL	語苑十二
964	真欠缺、非常的起價、	59	a	23.03	NULL	語苑十二
965	此欵毛織的物、	59	a	23.04	NULL	語苑十二
966	怎樣咱國內能彼呢欠缺、	59	a	23.05	NULL	語苑十二
967	恁大家亦所知影、	59	a	23.06	NULL	語苑十二
968	彼個原料攏是緬羊的毛。	59	a	23.07	NULL	語苑十二
969	此欵的緬羊、	59	a	23.08	NULL	語苑十二
970	從來咱國中計不曾人飼、	59	a	23.09	NULL	語苑十二
971	總是彼的不氣候亦地土沒合得、	59	a	23.1	NULL	語苑十二
972	顛到在世界中能算得真好飼羊的地方	59	a	23.11	NULL	語苑十二
973	、真可惜、	59	a	23.12	NULL	語苑十二
974	此疑的事業到今尚未有人想著、	59	a	23.13	NULL	語苑十二
975	適適遇著此般的戰爭、	59	a	23.14	NULL	語苑十二
976	本成出羊毛的濠洲、及南北來、	59	a	23.15	NULL	語苑十二
977	及支那的各國、	59	a	23.16	NULL	語苑十二
978	攏要留來自己用、禁不給伊出口、	59	a	24.01	NULL	語苑十二
979	所以忽然間能受著此欵的影響。	59	a	24.02	NULL	語苑十二
980	元來咱國內的人，太平慣勢、	59	a	24.03	NULL	語苑十二
981	屢屢能沒記得有事情的日仔、	59	a	24.04	NULL	語苑十二
982	實在真不好、	59	a	24.05	NULL	語苑十二
983	總是若要免受此欵艱苦的事情、	59	a	24.06	NULL	語苑十二
984	著愛講究自己用的法度即好、	59	a	24.07	NULL	語苑十二
985	論咱國內所飼的緬羊即有三千外隻、	59	a	24.08	NULL	語苑十二
986	農家壹百戶分都無半隻額、	59	a	24.09	NULL	語苑十二
987	所出的羊毛頗畧有成萬斤、	59	a	24.1	NULL	語苑十二
988	論起價錢即有二萬圓左右而已。	59	a	24.11	NULL	語苑十二
989	農商務省因為如此、	59	a	25.01	NULL	語苑十二
990	及另外設一的緬羊課、	59	a	25.02	NULL	語苑十二
991	調查緬羊與獎勵飼育的事情、	59	a	25.03	NULL	語苑十二
992	原來此欵緬羊是普通人在講是羊仔、	59	a	25.04	NULL	語苑十二
993	伊的性質即溫順快養飼、	59	a	25.05	NULL	語苑十二
994	與飼雞無甚異樣、亦攏不免人工、	59	a	25.06	NULL	語苑十二
995	若是高燥的所在、干乾有可好遮雨及	59	a	25.07	NULL	語苑十二
996	有可好遮露水的羊舍、	59	a	25.08	NULL	語苑十二
997	一二隻羊仔汝就囝仔嗎是能使得、	59	a	25.09	NULL	語苑十二
998	尚飼料若要論起飼牛馬來講、	59	a	25.1	NULL	語苑十二
999	馬一隻的飼料飼得八隻抑是拾隻著、	59	a	25.11	NULL	語苑十二
1000	就講不止合農家的副業。	59	a	25.12	NULL	語苑十二
1001	緬羊親像如此，	59	a	26.01	NULL	語苑十二
1002	不但講免甚費用能可飼得、	59	a	26.02	NULL	語苑十二
1003	飼了對國家有真多路用、	59	a	26.03	NULL	語苑十二
1004	即講羊毛是做國家自給的原料、	59	a	26.04	NULL	語苑十二
1005	與農家的副收入、羊糞好做肥、	59	a	26.05	NULL	語苑十二
1006	羊肉好做菜、	59	a	26.06	NULL	語苑十二
1007	所以是一舉兩得的副業。	59	a	26.07	NULL	語苑十二
1008	算來咱國內一年中所愛羊毛的價額、	59	a	26.08	NULL	語苑十二
1009	在原料有五千兩百萬圓以上加工的	59	a	26.09	NULL	語苑十二
1010	毛製品兩千萬圓以上、	59	a	26.1	NULL	語苑十二
1011	此個錢勿提出去外國、	59	a	26.11	NULL	語苑十二
1012	在咱國內若能可自給、	59	a	26.12	NULL	語苑十二
1013	對國家經濟的影響打算敢沒少、	59	a	26.13	NULL	語苑十二
1014	在咱臺灣全島的農家、	59	a	26.14	NULL	語苑十二
1015	若是各家與伊飼一隻、	59	a	26.15	NULL	語苑十二
1016	百六十萬戶的農家	59	a	27.01	NULL	語苑十二
1017	就是飼一百六十萬隻、	59	a	27.02	NULL	語苑十二
1018	勸恁列位攏各各與伊飼一隻咧。	59	a	27.03	NULL	語苑十二
1019	今恆春種畜場有二三百隻、	59	a	27.04	NULL	語苑十二
1020	與各廳的農會有飼一二隻而已、	59	a	27.05	NULL	語苑十二
1021	總是有聽講自今年起在要大獎勵、	59	a	27.06	NULL	語苑十二
1022	尚彼個飼羊地	59	a	27.07	NULL	語苑十二
1023	要設在花蓮港廳下的番地、	59	a	27.08	NULL	語苑十二
1024	與嘉義廳下的後大埔、	59	a	27.09	NULL	語苑十二
1025	既經有在準備的欵。	59	a	27.1	NULL	語苑十二
1026	尚未曾看著此欵緬羊的人真多，	59	a	27.11	NULL	語苑十二
1027	所以續與恁講、緬羊是火灰色、	59	a	27.12	NULL	語苑十二
1028	彼的角親像螺仔如此卷卷彎彎、	59	a	27.13	NULL	語苑十二
1029	嘴下無嘴鬚。今年算來是羊仔的年、	59	a	28.01	NULL	語苑十二
1030	即來講羊仔的事情、	59	a	28.02	NULL	語苑十二
1031	續來勸恁大家飼羊不止好機會、	59	a	28.03	NULL	語苑十二
1032	望恁大家較盡力咧。	59	a	28.04	NULL	語苑十二
1033	NULL	59	a	63	NULL	語苑十二
1034	有一個所在，有二個作穡人在得、	59	a	63.01	NULL	語苑十二
1035	一個人姓李名口斗田、	59	a	63.02	NULL	語苑十二
1036	尚一個姓陽名口斗園、李田播的物	59	a	63.03	NULL	語苑十二
1037	各年都較有收成、楊園播的物、	59	a	63.04	NULL	語苑十二
1038	雖是與李田一樣在作、	59	a	63.05	NULL	語苑十二
1039	不拘不知怎樣、比李田的較無收成、	59	a	63.06	NULL	語苑十二
1040	所以楊園去李田恁兜、	59	a	64.01	NULL	語苑十二
1041	問伊彼號情理、	59	a	64.02	NULL	語苑十二
1042	李田是歡頭喜面出來即講、	59	a	64.03	NULL	語苑十二
1043	彼是終歸使奴才做功課的時、	59	a	64.04	NULL	語苑十二
1044	只有『著來、著去』	59	a	64.05	NULL	語苑十二
1045	此二句話能爭差而已、	59	a	64.06	NULL	語苑十二
1046	不拘楊園攏沒曉得彼號的意思、	59	a	64.07	NULL	語苑十二
1047	所以更再問李田、李田就講、	59	a	64.08	NULL	語苑十二
1048	各日汝是在等候汝的奴才食早起飽、	59	a	64.09	NULL	語苑十二
1049	隨時與伊講、	59	a	64.1	NULL	語苑十二
1050	趕緊『著去去去、使奴才做先行、』	59	a	64.11	NULL	語苑十二
1051	汝自己緩緩仔食早起了、	59	a	64.12	NULL	語苑十二
1052	尾後即去園、我不是如此、	59	a	64.13	NULL	語苑十二
1053	我與奴才做一下食早起、	59	a	64.14	NULL	語苑十二
1054	隨時我做先行『著來來來』、	59	a	64.15	NULL	語苑十二
1055	如此即去園裡了、	59	a	65.01	NULL	語苑十二
1056	此號『著去』與『著來』的二句話是	59	a	65.02	NULL	語苑十二
1057	爭差少此而已、	59	a	65.03	NULL	語苑十二
1058	不拘收成的爭差是太多了、	59	a	65.04	NULL	語苑十二
1059	楊園听彼號話、想了不止有情理、	59	a	65.05	NULL	語苑十二
1060	以後伊自己作先行口斗奴才去園裡	59	a	65.06	NULL	語苑十二
1061	做工課、	59	a	65.07	NULL	語苑十二
1062	落尾手能得與李田一樣的收成了。	59	a	65.08	NULL	語苑十二
1063	NULL	59	a	65	NULL	語苑十二
1064	在澎湖有三個行船	59	a	65.01	NULL	語苑十二
1065	在貝患食的人在得。	59	a	65.02	NULL	語苑十二
1066	有一日在要去別位要出港的時，	59	a	65.03	NULL	語苑十二
1067	一個即講、	59	a	65.04	NULL	語苑十二
1068	此次若去別位，	59	a	66.01	NULL	語苑十二
1069	就的確勿講澎湖的腔口荷。	59	a	66.02	NULL	語苑十二
1070	若是何人講出來的時，	59	a	66.03	NULL	語苑十二
1071	罸二百五如此各個有品了、	59	a	66.04	NULL	語苑十二
1072	尚即隔日早起要出港彼時、	59	a	66.05	NULL	語苑十二
1073	一個向天無張持即講、	59	a	66.06	NULL	語苑十二
1074	『啊天烏烏』喇、	59	a	66.07	NULL	語苑十二
1075	邊仔的一個講『啊有影要落雨』、	59	a	66.08	NULL	語苑十二
1076	剩的一個歡喜即講今腔口	59	a	66.09	NULL	語苑十二
1077	有講出來喇有講出來喇、	59	a	66.1	NULL	語苑十二
1078	今要罸恁『二百五』、	59	a	66.11	NULL	語苑十二
1079	總是自己亦講澎湖的腔口、	59	a	66.12	NULL	語苑十二
1080	續無人可與inu收二百五的罸金。	59	a	66.13	NULL	語苑十二
1081	湘潭縣的所在有一個人、	59	b	59	NULL	語苑十二
1082	姓邱名號做惇、家內好額性情老實。	59	b	59.01	NULL	語苑十二
1083	娶到一個妻、是姓陳的查某子、	59	b	59.02	NULL	語苑十二
1084	名號做美、	59	b	59.03	NULL	語苑十二
1085	生成不止妍、目睭真正活動、	59	b	60.01	NULL	語苑十二
1086	不拘不是正氣的人、	59	b	60.02	NULL	語苑十二
1087	看見恁夫老實攏不歡喜。	59	b	60.03	NULL	語苑十二
1088	彼一時有一個人姓汪名號做琦、	59	b	60.04	NULL	語苑十二
1089	與邱惇相識二個交陪不只相好。	59	b	60.05	NULL	語苑十二
1090	此個性汪琦是風流子弟、	59	b	60.06	NULL	語苑十二
1091	整頓面貌穿時式的衫褲、	59	b	60.07	NULL	語苑十二
1092	嘴舌賢講話、常常來邱惇的厝、	59	b	60.08	NULL	語苑十二
1093	大家有真慹、出出入入、	59	b	60.09	NULL	語苑十二
1094	親像共一家人。有一日邱惇無在得、	59	b	60.1	NULL	語苑十二
1095	適好汪琦來、	59	b	60.11	NULL	語苑十二
1096	陳氏美十分歡喜請伊入去房間內坐、	59	b	60.12	NULL	語苑十二
1097	對汪琦講、阮查晡人去庄裡收賬	59	b	61.01	NULL	語苑十二
1098	大概是租栗的事情無許快返來、	59	b	61.02	NULL	語苑十二
1099	敢著站彼遷幾日仔、	59	b	61.03	NULL	語苑十二
1100	汝今仔日來我真歡喜、	59	b	61.04	NULL	語苑十二
1101	我此滿有一句話要與汝講、	59	b	61.05	NULL	語苑十二
1102	汝即能知影、請站此坐、	59	b	61.06	NULL	語苑十二
1103	等候伊霎仔久、我來去灶腳連鞭來。	59	b	61.07	NULL	語苑十二
1104	汪琦不知影是甚麼因端與伊講好好、	59	b	61.08	NULL	語苑十二
1105	站彼坐、等候伊無若久、	59	b	61.09	NULL	語苑十二
1106	陳氏美備辨酒菜煮到燒滾滾、	59	b	61.1	NULL	語苑十二
1107	捧入去房間內、請汪琦來食。	59	b	61.11	NULL	語苑十二
1108	汪琦亦無棄嫌酒著與伊飲、	59	b	61.12	NULL	語苑十二
1109	菜著與伊食、	59	b	61.13	NULL	語苑十二
1110	陳氏美屢屢與伊斟酒。	59	b	62.01	NULL	語苑十二
1111	汪琦食到要醉、陳氏美對汪琦即講、	59	b	62.02	NULL	語苑十二
1112	聽見汝尚未娶妻瞑昏時一個得睏、	59	b	62.03	NULL	語苑十二
1113	不真正寒沒。汪琦講我的命無可好、	59	b	62.04	NULL	語苑十二
1114	姻緣有較慢、做親成攏沒好勢、	59	b	62.05	NULL	語苑十二
1115	一領被自己睏雖是較寒亦無話可講、	59	b	62.06	NULL	語苑十二
1116	心肝內亦是甘愿。陳氏美笑笑即講、	59	b	62.07	NULL	語苑十二
1117	汝免騙我、查晡人尚未有妻、	59	b	62.08	NULL	語苑十二
1118	一瞑昏親像一年、	59	b	62.09	NULL	語苑十二
1119	汝講甘愿正是無奈得何、	59	b	62.1	NULL	語苑十二
1120	不是實在甘愿。	59	b	62.11	NULL	語苑十二
1121	汪琦起頭的心肝因為朋友情意、	59	b	63.01	NULL	語苑十二
1122	尚不敢講閑話、後來看見陳氏美、	59	b	63.02	NULL	語苑十二
1123	講出戲弄的話，知咯有意思、	59	b	63.03	NULL	語苑十二
1124	即得講、	59	b	63.04	NULL	語苑十二
1125	啊嫂知影我自己一個就是有唸著我。	59	b	63.05	NULL	語苑十二
1126	陳氏美講我有可憐汝，	59	b	63.06	NULL	語苑十二
1127	恐了汝無念著我。	59	b	63.07	NULL	語苑十二
1128	二個戲謔真久順續去私通，	59	b	63.08	NULL	語苑十二
1129	真是膽大包天、二個相好、	59	b	63.09	NULL	語苑十二
1130	意思親密、若遇著邱惇無在得、	59	b	63.1	NULL	語苑十二
1131	汪琦就來站著陳氏美房間內、	59	b	63.11	NULL	語苑十二
1132	邱惇全然不知影。	59	b	63.12	NULL	語苑十二
1133	只有邱惇倩一個長工知影此條事情、	59	b	64.01	NULL	語苑十二
1134	愛要通知邱惇、不拘驚了邱惇受氣、	59	b	64.02	NULL	語苑十二
1135	若不與伊通知、心肝內真不平。	59	b	64.03	NULL	語苑十二
1136	適好有一日邱惇口斗此個長工	59	b	64.04	NULL	語苑十二
1137	與伊去庄裡尋田佃算賬、	59	b	64.05	NULL	語苑十二
1138	算到日頭暗、沒得返來、	59	b	64.06	NULL	語苑十二
1139	站彼被田佃請、續站彼睏、	59	b	64.07	NULL	語苑十二
1140	半瞑的時候、邱惇與此長工講、	59	b	64.08	NULL	語苑十二
1141	九月的天氣一領被薄薄蓋攏沒燒、	59	b	64.09	NULL	語苑十二
1142	強強寒起來、我無在彼厝、	59	b	64.1	NULL	語苑十二
1143	不知我厝內亦是如此抑不是。	59	b	64.11	NULL	語苑十二
1144	NULL	59	c	33	NULL	語苑十二
1145	恁大家看覔咧、真親像的物口荷、	59	c	33.01	NULL	語苑十二
1146	雖然是真親像的物、	59	c	33.02	NULL	語苑十二
1147	不拘全然無相同、這就是若親像、	59	c	33.03	NULL	語苑十二
1148	更寔在不是。	59	c	33.04	NULL	語苑十二
1149	『海翁與魚』海翁雖然住在海裡、	59	c	33.05	NULL	語苑十二
1150	不拘是胎生的、魚是魚的種、	59	c	33.06	NULL	語苑十二
1151	海翁仔囝是吃乳大傼的、	59	c	33.07	NULL	語苑十二
1152	魚是放卵生的、	59	c	33.08	NULL	語苑十二
1153	海翁是因為呼吸空氣、即噴海水、	59	c	33.09	NULL	語苑十二
1154	魚是有魚鰓、在水裡呼吸、	59	c	34.01	NULL	語苑十二
1155	海翁的魚鰭、分做左右旁、	59	c	34.02	NULL	語苑十二
1156	於分做頂下面。石距與墨賊、	59	c	34.03	NULL	語苑十二
1157	石距是八枝腳、墨賊是十枝腳、	59	c	34.04	NULL	語苑十二
1158	石距的身軀較細、總是腳較長、	59	c	34.05	NULL	語苑十二
1159	墨賊是身軀較大、不拘腳較短。	59	c	34.06	NULL	語苑十二
1160	『蝦與蟳』蝦是頭殼與胸坎接做夥、	59	c	34.07	NULL	語苑十二
1161	尚腹肚亦相接、總是蟳頭殼較大、	59	c	34.08	NULL	語苑十二
1162	腹肚較細、尚蝦有二對蝦鬚、	59	c	34.09	NULL	語苑十二
1163	不拘蟳公有挾。	59	c	34.1	NULL	語苑十二
1164	『鰻與蛇』米國人看見鰻、講是蛇、	59	c	35.01	NULL	語苑十二
1165	不敢食、鰻與蛇、攏是能放卵、	59	c	35.02	NULL	語苑十二
1166	總是蛇住在旱裡、鰻住在水裡、	59	c	35.03	NULL	語苑十二
1167	蛇有鱗無鰭、鰻有鰭、不拘無鱗。	59	c	35.04	NULL	語苑十二
1168	『猪與山猪』家猪無牙、	59	c	35.05	NULL	語苑十二
1169	不拘山猪有較長的牙、	59	c	35.06	NULL	語苑十二
1170	家猪的毛是短短、不拘山猪的較長、	59	c	35.07	NULL	語苑十二
1171	山猪是無親像家猪彼肥。	59	c	35.08	NULL	語苑十二
1172	『雉雞與雞』攏是較細隻的鳥、	59	c	35.09	NULL	語苑十二
1173	總是雉雞較賢飛、雞較沒飛、	59	c	35.1	NULL	語苑十二
1174	不拘較賢走、雞角較美、	59	c	35.11	NULL	語苑十二
1175	雞母較無美。	59	c	35.12	NULL	語苑十二
1176	NULL	59	c	54	NULL	語苑十二
1177	長工講、克虧頭家口世、	59	c	54.01	NULL	語苑十二
1178	站此外位在得受寒、	59	c	54.02	NULL	語苑十二
1179	厝內各下昏自然燒滾滾。	59	c	54.03	NULL	語苑十二
1180	邱惇聽了奇怪、心肝內帶疑、便問、	59	c	54.04	NULL	語苑十二
1181	汝案怎樣講出此欵的講。	59	c	54.05	NULL	語苑十二
1182	長工起頭不肯講、	59	c	54.06	NULL	語苑十二
1183	看見邱惇問在趕緊、	59	c	54.07	NULL	語苑十二
1184	彼候仔即講、陳氏美與汪琦私通、	59	c	55.01	NULL	語苑十二
1185	往來利便、汝若出外、	59	c	55.02	NULL	語苑十二
1186	汪琦就到伊房間、	59	c	55.03	NULL	語苑十二
1187	陳氏美口斗我搭酒、	59	c	55.04	NULL	語苑十二
1188	買魚買肉來請伊、飲到醉食到飽飽。	59	c	55.05	NULL	語苑十二
1189	NULL	59	c	58	NULL	語苑十二
1190	在早在支那山東齊魯二國的交界、	59	c	58.01	NULL	語苑十二
1191	彼所再有一個人生三個子、	59	c	58.02	NULL	語苑十二
1192	即口斗恁三個去入學堂、	59	c	58.03	NULL	語苑十二
1193	來教示仁義的情理。	59	c	58.04	NULL	語苑十二
1194	後來到率業返來、	59	c	58.05	NULL	語苑十二
1195	恁老父問恁講仁義的情理怎樣講、	59	c	58.06	NULL	語苑十二
1196	彼個大子應講仁義是	59	c	58.07	NULL	語苑十二
1197	口斗我著痛惜身然後做成好的名聲。	59	c	58.08	NULL	語苑十二
1198	彼個第二子講仁義是	59	c	58.09	NULL	語苑十二
1199	口斗我著放棄身驅來成仁愛的名聲。	59	c	58.1	NULL	語苑十二
1200	彼個第三子講仁義是	59	c	59.01	NULL	語苑十二
1201	口斗我著保護身軀	59	c	59.02	NULL	語苑十二
1202	照顧名聲二項攏能齊全。	59	c	59.03	NULL	語苑十二
1203	今恁三個兄弟是共一個先生教示的、	59	c	59.04	NULL	語苑十二
1204	不拘恁大家的見解攏是無相共。	59	c	59.05	NULL	語苑十二
1205	在印度的所在	59	c	59.06	NULL	語苑十二
1206	曾有人牽著一隻象對街裡過、	59	c	59.07	NULL	語苑十二
1207	有人講彼隻象是烏的有人講白的、	59	c	59.08	NULL	語苑十二
1208	尚有人講花色的、	59	c	59.09	NULL	語苑十二
1209	大家爭到kia真kia現	59	c	59.1	NULL	語苑十二
1210	攏不肯相讓直直要冤家起來。	59	c	59.11	NULL	語苑十二
1211	後來有人去查看到底是甚麼色、	59	c	59.12	NULL	語苑十二
1212	即知三人所講的話攏有一項著。	59	c	59.13	NULL	語苑十二
1213	因為彼隻象是一旁烏、一旁白的、	59	c	60.01	NULL	語苑十二
1214	所以干乾看見右旁的講烏象、	59	c	60.02	NULL	語苑十二
1215	看見倒旁的講白象、對頭前看見的	59	c	60.03	NULL	語苑十二
1216	都有白有烏即講是花色的。	59	c	60.04	NULL	語苑十二
1217	更有一項、人在飼蠶仔、	59	c	60.05	NULL	語苑十二
1218	早起時看是虫、下晡看一粒口仔、	59	c	60.06	NULL	語苑十二
1219	明仔再與提出來看親像一粒土荳仁、	59	c	60.07	NULL	語苑十二
1220	隔一半日又變做飛蝶出來	59	c	60.08	NULL	語苑十二
1221	亦就能公牡相伨、	59	c	60.09	NULL	語苑十二
1222	更放蛋來變做蠶仔。	59	c	60.1	NULL	語苑十二
1223	總是若要攏不曾看見的人、	59	c	60.11	NULL	語苑十二
1224	聽了就真僥疑。	59	c	60.12	NULL	語苑十二
1225	親像恁三個子也是	59	c	61.01	NULL	語苑十二
1226	看見象的彼欵的人、	59	c	61.02	NULL	語苑十二
1227	有看蠶仔化育的一部	59	c	61.03	NULL	語苑十二
1228	的確要執自己的見識來敢能冤家。	59	c	61.04	NULL	語苑十二
1229	世間的事情實在真濶大、	59	c	61.05	NULL	語苑十二
1230	用自己有少許的智識	59	c	61.06	NULL	語苑十二
1231	就要與伊斷講是怎樣親像	59	c	61.07	NULL	語苑十二
1232	適仔在講彼欵的就愛彼人笑。	59	c	61.08	NULL	語苑十二
1233	NULL	59	c	61	NULL	語苑十二
1234	有一個好額人、	59	c	61.01	NULL	語苑十二
1235	inu厝倩著一個當差伊是較少年、	59	c	61.02	NULL	語苑十二
1236	不拘不管創甚麼事情、不止抄掠、	59	c	62.01	NULL	語苑十二
1237	早起時睏起來、隨時提面桶去盛水、	59	c	62.02	NULL	語苑十二
1238	齒刡與齒粉攏栓辨了、	59	c	62.03	NULL	語苑十二
1239	給頭家好洗面。頭家在洗面的中間、	59	c	62.04	NULL	語苑十二
1240	拭煙吹與煙盤尚更提火好食煙、	59	c	62.05	NULL	語苑十二
1241	更泡茶、觀音聯彼點燈火、	59	c	62.06	NULL	語苑十二
1242	尚若是inu頭家要寫批、	59	c	62.07	NULL	語苑十二
1243	隨是提墨盤來磨墨紙	59	c	62.08	NULL	語苑十二
1244	與少刀續提來給伊用、	59	c	62.09	NULL	語苑十二
1245	不管甚麼事情都創到此呢抄掠的人。	59	c	62.1	NULL	語苑十二
1246	有一時inu頭家感著風、不快活、	59	c	62.11	NULL	語苑十二
1247	想要口斗伊做事情、	59	c	62.12	NULL	語苑十二
1248	不居伊無在得、不知何位去、	59	c	63.01	NULL	語苑十二
1249	攏無看見。	59	c	63.02	NULL	語苑十二
1250	就inu頭家在煩惱尋伊的時候、	59	c	63.03	NULL	語苑十二
1251	適適伊返來、頭家續問伊去何位。	59	c	63.04	NULL	語苑十二
1252	伊應頭家講、昨暝看汝的面色、	59	c	63.05	NULL	語苑十二
1253	無甚麼爽快的欵式、	59	c	63.06	NULL	語苑十二
1254	所以早起我去請先生來要與汝看。	59	c	63.07	NULL	語苑十二
1255	inu頭家聽了此句話、續稱讚伊、	59	c	63.08	NULL	語苑十二
1256	汝要創甚麼事情都較活動、	59	c	63.09	NULL	語苑十二
1257	不止感服。就如此頭家給醫生看、	59	c	63.1	NULL	語苑十二
1258	更食藥四五日久、總是伊的病、	59	c	63.11	NULL	語苑十二
1259	攏沒好、直直不好去。	59	c	63.12	NULL	語苑十二
1260	有一時inu頭家的病、較不好、	59	c	64.01	NULL	語苑十二
1261	要口斗伊去請醫生、伊便無在得、	59	c	64.02	NULL	語苑十二
1262	家內的人四界在循尋、伊適適返來、	59	c	64.03	NULL	語苑十二
1263	inu頭家問伊去何去。伊就講、	59	c	64.04	NULL	語苑十二
1264	汝的病今直直不好的款、	59	c	64.05	NULL	語苑十二
1265	所以我即去和尚彼通知、	59	c	64.06	NULL	語苑十二
1266	順序去棺柴店、備辨棺柴即返來。	59	c	64.07	NULL	語苑十二
1267	NULL	59	d	54	NULL	語苑十二
1268	在早支那齊國的威王座位第八年、	59	d	54.01	NULL	語苑十二
1269	楚國有起真多兵、	59	d	54.02	NULL	語苑十二
1270	要來攻擊齊國。	59	d	54.03	NULL	語苑十二
1271	威王就差淳于髠、去趙國請救兵、	59	d	55.01	NULL	語苑十二
1272	亦送趙國的一百銀、更四十隻馬、	59	d	55.02	NULL	語苑十二
1273	淳于髠想彼號禮物傷少、就好笑、	59	d	55.03	NULL	語苑十二
1274	講我今仔日對東邊彼來、	59	d	55.04	NULL	語苑十二
1275	看見一個作出人、	59	d	55.05	NULL	語苑十二
1276	排一支猪腳與一鐘酒、	59	d	55.06	NULL	語苑十二
1277	燒香求神在講、著保庇、	59	d	55.07	NULL	語苑十二
1278	被我的高田低田攏好收成、	59	d	55.08	NULL	語苑十二
1279	被我的五穀滿滿、是大笨留細笨張、	59	d	55.09	NULL	語苑十二
1280	有可食有可chio。	59	d	55.1	NULL	語苑十二
1281	我看伊所用的物真少、	59	d	55.11	NULL	語苑十二
1282	伊所求的向望真大、所以即此欲笑。	59	d	55.12	NULL	語苑十二
1283	威王聽了知伊的意思、	59	d	55.13	NULL	語苑十二
1284	就加添黃金二萬兩、	59	d	55.14	NULL	語苑十二
1285	白玉二十塊、馬四百匹、	59	d	56.01	NULL	語苑十二
1286	車亦干百張、淳于髠即去趙國、	59	d	56.02	NULL	語苑十二
1287	果然借著精兵十萬、戰車一千張、	59	d	56.03	NULL	語苑十二
1288	楚國的兵聽見此號事情、	59	d	56.04	NULL	語苑十二
1289	即透暝走囘去。	59	d	56.05	NULL	語苑十二
1290	我看台灣人信神明抑是信佛祖、	59	d	56.06	NULL	語苑十二
1291	親像與彼個作田人相同、	59	d	56.07	NULL	語苑十二
1292	自己買二三文仔金、香燭、	59	d	56.08	NULL	語苑十二
1293	抑是備辨淡薄無油無鹽的物、	59	d	56.09	NULL	語苑十二
1294	携到廟內去、孝想要求錢財、	59	d	56.1	NULL	語苑十二
1295	求福氣、尚是求生子。	59	d	56.11	NULL	語苑十二
1296	好幸哉彼等神明佛祖有目睭沒能看、	59	d	56.12	NULL	語苑十二
1297	有耳孔沒能聽、有鼻孔亦不知嚊香、	59	d	57.01	NULL	語苑十二
1298	若有少許靈聖、抑是智識、	59	d	57.02	NULL	語苑十二
1299	看見人用此欵粗俗的香、	59	d	57.03	NULL	語苑十二
1300	燭無影的金銀、	59	d	57.04	NULL	語苑十二
1301	與彼個食沒入嘴的祭物、	59	d	57.05	NULL	語苑十二
1302	來求一概的福氣、	59	d	57.06	NULL	語苑十二
1303	較加嗎將彼等人赶出門外	59	d	57.07	NULL	語苑十二
1304	續責備彼等人講、您看我是土捏的、	59	d	57.08	NULL	語苑十二
1305	柴刻的、沒能分別真假香臭、	59	d	57.09	NULL	語苑十二
1306	即用此號物來騙我麼、我見看彼等、	59	d	57.1	NULL	語苑十二
1307	見想如此、見想如此、見能欲笑。	59	d	57.11	NULL	語苑十二
1308	NULL	59	d	60	NULL	語苑十二
1309	有一所在、有二個兄弟仔、	59	d	60.01	NULL	語苑十二
1310	大的是戆直、又更不識字、	59	d	60.02	NULL	語苑十二
1311	細的是較巧與識字、	59	d	60.03	NULL	語苑十二
1312	兄弟仔已經分家伙了、	59	d	60.04	NULL	語苑十二
1313	大的是在耕農、	59	d	60.05	NULL	語苑十二
1314	細的是在被人倩做掌櫃、	59	d	60.06	NULL	語苑十二
1315	大的不止勤儉、無若久續好額、	59	d	60.07	NULL	語苑十二
1316	即想要開杉行、想要自己按、	59	d	60.08	NULL	語苑十二
1317	較輸不識字、即想要量約記、	59	d	60.09	NULL	語苑十二
1318	賣一枝畫一kia	59	d	60.1	NULL	語苑十二
1319	伊的小弟聽見自己的兄開杉行、	59	d	61.01	NULL	語苑十二
1320	想要返來與伊按、	59	d	61.02	NULL	語苑十二
1321	適撞伊的兄無在得、去賬房看、	59	d	61.03	NULL	語苑十二
1322	看見inu兄的賬簿、	59	d	61.04	NULL	語苑十二
1323	就畫一kiakiakia、	59	d	61.05	NULL	語苑十二
1324	即吐大氣講、時也、命也、	59	d	61.06	NULL	語苑十二
1325	將命字寫在賬簿內、做伊去、	59	d	61.07	NULL	語苑十二
1326	無若久inu兄返來、	59	d	61.08	NULL	語苑十二
1327	適適人來要買杉仔、	59	d	61.09	NULL	語苑十二
1328	掀賬簿起來看、看見記一尾魴仔魚、	59	d	61.1	NULL	語苑十二
1329	真受氣講甚人賣魴仔魚的賬	59	d	61.11	NULL	語苑十二
1330	記在我的杉仔賬簿、真無法度的人、	59	d	61.12	NULL	語苑十二
1331	如此在哭父的時、	59	d	61.13	NULL	語苑十二
1332	在等候的買杉仔的、敢要開車、	59	d	61.14	NULL	語苑十二
1333	不識字想著真費氣、	59	d	61.15	NULL	語苑十二
1334	即講現錢買賣何著開單、	59	d	62.01	NULL	語苑十二
1335	買杉仔的講、這不是我自己要買的、	59	d	62.02	NULL	語苑十二
1336	驚人講趁價腳、彼時想了無法度、	59	d	62.03	NULL	語苑十二
1337	即提格仔紙照賬的款、畫一枝枝枝、	59	d	62.04	NULL	語苑十二
1338	即問大名號做甚、買杉仔的講、	59	d	62.05	NULL	語苑十二
1339	小名千仔、不識字想無、	59	d	62.06	NULL	語苑十二
1340	即點一千點、點真久即了、	59	d	62.07	NULL	語苑十二
1341	彼時適撞買杉仔的問講何開彼久、	59	d	62.08	NULL	語苑十二
1342	即講汝是號做千仔、要是號做萬仔、	59	d	62.09	NULL	語苑十二
1343	尚著有可等一睏仔、	59	d	62.1	NULL	語苑十二
1344	彼敢不是真好笑。	59	d	62.11	NULL	語苑十二
1345	NULL	59	d	63	NULL	語苑十二
1346	有一個輕忽的人在得、	59	d	63.01	NULL	語苑十二
1347	常常伊在路裡遇著長輩的人、	59	d	63.02	NULL	語苑十二
1348	不知禮數、所以有一個朋友與伊講、	59	d	63.03	NULL	語苑十二
1349	以後汝若是遇著長輩的人的時候、	59	d	63.04	NULL	語苑十二
1350	的確著帽子脫起來講行禮的話	59	d	63.05	NULL	語苑十二
1351	即是應該然的、若無如此、	59	d	63.06	NULL	語苑十二
1352	彼是號做失禮了。輕忽的人講好好、	59	d	63.07	NULL	語苑十二
1353	以後我的確帽仔脫起來給汝看。	59	d	63.08	NULL	語苑十二
1354	有一日伊在街裡、	59	d	64.01	NULL	語苑十二
1355	遇著隔壁的讀書人、	59	d	64.02	NULL	語苑十二
1356	伊想著此候適適較好的機會、	59	d	64.03	NULL	語苑十二
1357	續忙速速就沒記得	59	d	64.04	NULL	語苑十二
1358	脫自己的帽仔起來、	59	d	64.05	NULL	語苑十二
1359	續對隔壁的讀書人的帽仔	59	d	64.06	NULL	語苑十二
1360	提起來了、如此生此個輕忽的人、	59	d	64.07	NULL	語苑十二
1361	被眾人笑到要死。	59	d	64.08	NULL	語苑十二
1362	NULL	59	e	61	NULL	語苑十二
1363	古早某所在有一個打獵的人、	59	e	61.01	NULL	語苑十二
1364	出去打獵、看見一隻大隻鳥、	59	e	61.02	NULL	語苑十二
1365	飛來宿在伊的面前的樹枝裡。	59	e	61.03	NULL	語苑十二
1366	彼隻鳥、翼長有六七尺、	59	e	61.04	NULL	語苑十二
1367	目睭的大到有一寸。	59	e	61.05	NULL	語苑十二
1368	彼個打獵的想講、這是甚麼鳥、	59	e	62.01	NULL	語苑十二
1369	翼雖然是長、豈沒連捷、目睭彼大、	59	e	62.02	NULL	語苑十二
1370	卻無明朗。就微倚去、	59	e	62.03	NULL	語苑十二
1371	想要gia銃來打、	59	e	62.04	NULL	語苑十二
1372	忽然看見一隻amu虫占虫齊、	59	e	62.05	NULL	語苑十二
1373	宿在樹頂蔭影的所在、大細聲在啼、	59	e	62.06	NULL	語苑十二
1374	不止好聽、親像真得訣的款式、	59	e	62.07	NULL	語苑十二
1375	卻不知後面彼隻草猿要來拿伊。	59	e	62.08	NULL	語苑十二
1376	彼隻草猿顧amu虫占虫齊、	59	e	62.09	NULL	語苑十二
1377	趖倚去要拿伊、	59	e	62.1	NULL	語苑十二
1378	卻不知後面彼隻大隻鳥、	59	e	62.11	NULL	語苑十二
1379	在要跳倚去琢伊。	59	e	62.12	NULL	語苑十二
1380	彼隻鳥顧要琢草猿的時、	59	e	63.01	NULL	語苑十二
1381	亦不知後面有打獵的人、要共伊打。	59	e	63.02	NULL	語苑十二
1382	打獵的看見彼號款式、就食一驚、	59	e	63.03	NULL	語苑十二
1383	即吐氣講、世間攏是如此、	59	e	63.04	NULL	語苑十二
1384	顧在目前的利益、無顧後面的陷害、	59	e	63.05	NULL	語苑十二
1385	我若干乾顧要打彼隻鳥、	59	e	63.06	NULL	語苑十二
1386	不知後面有虎、抑是獅、	59	e	63.07	NULL	語苑十二
1387	要來咬我抑無。就將彼枝銃收起來、	59	e	63.08	NULL	語苑十二
1388	赶緊返去厝。現時此欵的事情真多、	59	e	63.09	NULL	語苑十二
1389	強猛的人欺負軟弱、序大欺負序細、	59	e	63.1	NULL	語苑十二
1390	好額欺負瘦窮、尊貴凌辱下賤、	59	e	63.11	NULL	語苑十二
1391	是只有目睭前的快活、	59	e	63.12	NULL	語苑十二
1392	攏無顧後來的禍患。俗語講、	59	e	64.01	NULL	語苑十二
1393	人要害人天不肯	59	e	64.02	NULL	語苑十二
1394	天要害人在目前。咱更較有勢力、	59	e	64.03	NULL	語苑十二
1395	按怎樣的富貴、	59	e	64.04	NULL	語苑十二
1396	亦尚有一個更較大氣力的	59	e	64.05	NULL	語苑十二
1397	kia在咱的後面、	59	e	64.06	NULL	語苑十二
1398	連鞭要責罰彼等。	59	e	64.07	NULL	語苑十二
1399	NULL	59	f	39	NULL	語苑十二
1400	台灣查某人、無論少年半老、	59	f	39.01	NULL	語苑十二
1401	偷趁食的大沉多、	59	f	39.02	NULL	語苑十二
1402	無較下等的人、尚更較多。	59	f	40.01	NULL	語苑十二
1403	查某囝仔若到十四五歲、	59	f	40.02	NULL	語苑十二
1404	就別個人招伊趁食、	59	f	40.03	NULL	語苑十二
1405	此個卻亦法度、	59	f	40.04	NULL	語苑十二
1406	不拘有個是inu生母做牽公、	59	f	40.05	NULL	語苑十二
1407	強強使inu趁、	59	f	40.06	NULL	語苑十二
1408	在打壞心肝子的節操。此欵算是	59	f	40.07	NULL	語苑十二
1409	inu家內極艱苦度日的基因、	59	f	40.08	NULL	語苑十二
1410	雖然是如此、對外面有見羞的心、	59	f	40.09	NULL	語苑十二
1411	就却亦好、反轉想講、	59	f	40.1	NULL	語苑十二
1412	趁食查某是穿好衫、金首飾、	59	f	40.11	NULL	語苑十二
1413	無做出力的工、是較體面、	59	f	40.12	NULL	語苑十二
1414	此辦人真不好。	59	f	40.13	NULL	語苑十二
1415	這自然是家內較窮、更無教育、	59	f	41.01	NULL	語苑十二
1416	不知是節操按怎、	59	f	41.02	NULL	語苑十二
1417	沒曉見羞的人的事情、	59	f	41.03	NULL	語苑十二
1418	總是從中有相當的財產、	59	f	41.04	NULL	語苑十二
1419	有智識的查某囝仔、要行彼欵、	59	f	41.05	NULL	語苑十二
1420	就實在沒堪得講的。	59	f	41.06	NULL	語苑十二
1421	少年的時專在趁、即變怠惰、	59	f	41.07	NULL	語苑十二
1422	不愛做正經的工、心肝浮漂去、	59	f	41.08	NULL	語苑十二
1423	尚學賭博染著歹症頭、	59	f	41.09	NULL	語苑十二
1424	受真多的苦難、有個醫沒好。	59	f	41.1	NULL	語苑十二
1425	假使嫁夫、亦沒曉得厝內的事情、	59	f	41.11	NULL	語苑十二
1426	對inu夫怎樣行、	59	f	41.12	NULL	語苑十二
1427	對inu序大按怎做、	59	f	41.13	NULL	語苑十二
1428	攏沒曉、干乾能曉得討客兄、姦通、	59	f	42.01	NULL	語苑十二
1429	與人講加話的事情、實在真無路用、	59	f	42.02	NULL	語苑十二
1430	不但inu較無路用、	59	f	42.03	NULL	語苑十二
1431	查晡人被inu所陷害是講沒了。	59	f	42.04	NULL	語苑十二
1432	NULL	59	f	62	NULL	語苑十二
1433	古早有一個猛人、看見二隻虎、	59	f	62.01	NULL	語苑十二
1434	公家食一隻牛、就要去打彼二隻虎。	59	f	62.02	NULL	語苑十二
1435	有跟從伊的人講、虎算是猛獸、	59	f	62.03	NULL	語苑十二
1436	牛是好食的物、的確能相爭食、	59	f	62.04	NULL	語苑十二
1437	若相爭食、	59	f	62.05	NULL	語苑十二
1438	就能相咬、亦相咬了、	59	f	63.01	NULL	語苑十二
1439	大隻的敢能著傷、細隻的敢能死、	59	f	63.02	NULL	語苑十二
1440	汝等候霎仔久、刣彼隻著傷的虎、	59	f	63.03	NULL	語苑十二
1441	敢無一舉兩得麼、	59	f	63.04	NULL	語苑十二
1442	如此就免打虎的勞苦、	59	f	63.05	NULL	語苑十二
1443	更得著二隻虎麼。伊就等候無若久、	59	f	63.06	NULL	語苑十二
1444	果然二隻虎相咬、	59	f	63.07	NULL	語苑十二
1445	細隻的被咬著要死要死、	59	f	63.08	NULL	語苑十二
1446	大隻的亦著重傷、	59	f	63.09	NULL	語苑十二
1447	伊即倚去將彼二隻突死、扛返來厝。	59	f	63.1	NULL	語苑十二
1448	今咱人、無論做甚麼事情、	59	f	63.11	NULL	語苑十二
1449	著親像如此、	59	f	63.12	NULL	語苑十二
1450	不可一味靠勇猛來硬硬要做、	59	f	64.01	NULL	語苑十二
1451	攏著隨機應變、看時勢即可振動、	59	f	64.02	NULL	語苑十二
1452	就較不免費傷多的氣力、	59	f	64.03	NULL	語苑十二
1453	更成功亦大。	59	f	64.04	NULL	語苑十二
1454	NULL	59	g	18	NULL	語苑十二
1455	唉、恁查晡人與查某人、	59	g	18.01	NULL	語苑十二
1456	按怎樣在相爭。大人啊、	59	g	18.02	NULL	語苑十二
1457	汝來真幸哉、	59	g	18.03	NULL	語苑十二
1458	我與此個查晡在相爭的理由、	59	g	18.04	NULL	語苑十二
1459	講一遍給汝聽、實在是如此嘮、	59	g	18.05	NULL	語苑十二
1460	適適滿八年前、此查晡的老母死去、	59	g	18.06	NULL	語苑十二
1461	彼候伊講無錢無可買棺柴、	59	g	18.07	NULL	語苑十二
1462	所以講要與我借二十五元、	59	g	19.01	NULL	語苑十二
1463	若是借二十五元、	59	g	19.02	NULL	語苑十二
1464	即將伊的大查某囝要分我、	59	g	19.03	NULL	語苑十二
1465	所以我即借伊二十五元、	59	g	19.04	NULL	語苑十二
1466	伊是借了到今毋錢是免講、	59	g	19.05	NULL	語苑十二
1467	利息一厘錢嗎無納、	59	g	19.06	NULL	語苑十二
1468	適適此候撞著伊、	59	g	19.07	NULL	語苑十二
1469	我講更一半日仔就要chua7	59	g	19.08	NULL	語苑十二
1470	伊的查某囝、	59	g	19.09	NULL	語苑十二
1471	不拘今講著二百五十元即要、	59	g	19.1	NULL	語苑十二
1472	若是無二百五十元、伊著不給我、	59	g	19.11	NULL	語苑十二
1473	伊講真拗慢、所以即在相爭。唉、	59	g	19.12	NULL	語苑十二
1474	查晡人適仔查某人講的話有影無。	59	g	19.13	NULL	語苑十二
1475	彼個是有影咧、	59	g	20.01	NULL	語苑十二
1476	不拘此查某人講愛我的查某囝、	59	g	20.02	NULL	語苑十二
1477	總是八年前到今攏是我飼的、	59	g	20.03	NULL	語苑十二
1478	伊是衫褲與錢攏無寄給我、	59	g	20.04	NULL	語苑十二
1479	此當時米與布真正貴、	59	g	20.05	NULL	語苑十二
1480	干乾二十五元借我而已、若是將如此	59	g	20.06	NULL	語苑十二
1481	被伊chua7去我的查某囝、	59	g	20.07	NULL	語苑十二
1482	我了錢尚更了工真多、	59	g	20.08	NULL	語苑十二
1483	所以我講二百五十元、	59	g	20.09	NULL	語苑十二
1484	是應該的事情。恁双旁講的話、	59	g	20.1	NULL	語苑十二
1485	有情理是有情理、	59	g	20.11	NULL	語苑十二
1486	總是老母死去的時候借二十五元、	59	g	20.12	NULL	語苑十二
1487	彼號銀是能講咧若準人情錢、	59	g	20.13	NULL	語苑十二
1488	更八年到今查某囝給伊飼到彼大傼、	59	g	20.14	NULL	語苑十二
1489	彼個是能講咧恩人、	59	g	21.01	NULL	語苑十二
1490	詳細講起來大家恩人與恩銀、	59	g	21.02	NULL	語苑十二
1491	本成双旁彼呢有人情、今著勿相爭、	59	g	21.03	NULL	語苑十二
1492	大家參詳息去即好。	59	g	21.04	NULL	語苑十二
1493	NULL	59	g	30	NULL	語苑十二
1494	本島人真賢講歹嘴。	59	g	30.01	NULL	語苑十二
1495	許賢講歹嘴的人、	59	g	30.02	NULL	語苑十二
1496	別個所在亦打算敢較罕得。	59	g	30.03	NULL	語苑十二
1497	尚彼等歹嘴、大半較加、	59	g	30.04	NULL	語苑十二
1498	是講下身的話。講姦怎樣咯、乙咯、	59	g	30.05	NULL	語苑十二
1499	玍咯、腳尻咯、尚有講人著死咯。	59	g	30.06	NULL	語苑十二
1500	人若罵一聲、就罵伊幾仔聲、	59	g	31.01	NULL	語苑十二
1501	伊若姦一下、我亦姦幾仔句來較贏、	59	g	31.02	NULL	語苑十二
1502	攏不肯相讓、擾擾滾、	59	g	31.03	NULL	語苑十二
1503	攏總是用彼的歹嘴、實在沒堪得聽、	59	g	31.04	NULL	語苑十二
1504	尚且更查某人。	59	g	31.05	NULL	語苑十二
1505	近來內地人亦學彼號歹嘴、	59	g	31.06	NULL	語苑十二
1506	無甚麼意思亦講姦恁怎樣、	59	g	31.07	NULL	語苑十二
1507	真不好聽。俗語在講、近朱著赤、	59	g	31.08	NULL	語苑十二
1508	近墨著黑、大家著斟酌來緊改、	59	g	31.09	NULL	語苑十二
1509	即能用得。	59	g	31.1	NULL	語苑十二
1510	NULL	59	g	31	NULL	語苑十二
1511	內地人要拭鼻水的時、攏是用紙、	59	g	31.01	NULL	語苑十二
1512	尚是布類來拭。	59	g	31.02	NULL	語苑十二
1513	本島人不是如此、攏總用手指頭仔、	59	g	32.01	NULL	語苑十二
1514	壓一邊的鼻空、	59	g	32.02	NULL	語苑十二
1515	尚對別個鼻空大力口氣、	59	g	32.03	NULL	語苑十二
1516	可鼻水續掅出來、即用手來拭拭。	59	g	32.04	NULL	語苑十二
1517	如此穩當能染著手濫糝、	59	g	32.05	NULL	語苑十二
1518	即著拭手。此欵法度在掅鼻、	59	g	32.06	NULL	語苑十二
1519	是無論何一個所在、厝內亦有、	59	g	32.07	NULL	語苑十二
1520	厝外亦有、房間內嗎是如此、	59	g	32.08	NULL	語苑十二
1521	便所亦如此、火車頭、或是火車內、	59	g	32.09	NULL	語苑十二
1522	都有。尚染著手的鼻水、	59	g	32.1	NULL	語苑十二
1523	有時用衫褲拭、亦有時卓腳、	59	g	32.11	NULL	語苑十二
1524	椅頂、柱仔、箱仔、窓仔門、	59	g	33.01	NULL	語苑十二
1525	石砛仔、去到彼所在都拭鼻水、	59	g	33.02	NULL	語苑十二
1526	真正濫糝無清氣、	59	g	33.03	NULL	語苑十二
1527	更衛生上亦真不好。	59	g	33.04	NULL	語苑十二
1528	NULL	59	h	35	NULL	語苑十二
1529	臺灣人有一子双祧。	59	h	35.01	NULL	語苑十二
1530	一子双祧即有一個查晡有二個妻。	59	h	35.02	NULL	語苑十二
1531	尚有如夫人就是細姨。	59	h	35.03	NULL	語苑十二
1532	大妻免講亦有。	59	h	35.04	NULL	語苑十二
1533	細姨分別第一第二第三、	59	h	35.05	NULL	語苑十二
1534	有個五六個細姨。如此生一個查晡人	59	h	35.06	NULL	語苑十二
1535	飼幾仔個查某人住、不親像人欵、	59	h	35.07	NULL	語苑十二
1536	沒見沒羞、反轉想講查晡人的氣力、	59	h	35.08	NULL	語苑十二
1537	查晡的才調、別人亦稱美伊賢。	59	h	36.01	NULL	語苑十二
1538	各個查某人相爭欲被查晡人痛、	59	h	36.02	NULL	語苑十二
1539	不即不時無和鬧事了了。	59	h	36.03	NULL	語苑十二
1540	屢屢聽見講細姨吊頷死、	59	h	36.04	NULL	語苑十二
1541	食阿片煙膏自盡、	59	h	36.05	NULL	語苑十二
1542	這就是一夫多妻的歹風俗起因的。	59	h	36.06	NULL	語苑十二
1543	NULL	59	h	54	NULL	語苑十二
1544	我頂日去東京看戲、	59	h	54.01	NULL	語苑十二
1545	彼號戲是有一間較貧的厝、	59	h	54.02	NULL	語苑十二
1546	彼間厝有一個老母、	59	h	54.03	NULL	語苑十二
1547	尚更有二個兄弟、	59	h	54.04	NULL	語苑十二
1548	彼老母破病真久在睏、	59	h	54.05	NULL	語苑十二
1549	有一日真寒又更落雪、	59	h	54.06	NULL	語苑十二
1550	老母寒到tonbe沒住的欵、	59	h	54.07	NULL	語苑十二
1551	所以兄弟參詳、各個脫一領衫起來、	59	h	54.08	NULL	語苑十二
1552	給老母蓋、不拘老母顧囝仔、	59	h	54.09	NULL	語苑十二
1553	不甘蓋彼領衫、	59	h	54.1	NULL	語苑十二
1554	彼時候看見彼欵有孝的子、真感心、	59	h	54.11	NULL	語苑十二
1555	我tonbe沒住目屎續流出來、	59	h	54.12	NULL	語苑十二
1556	我想著彼號戲、	59	h	54.13	NULL	語苑十二
1557	是實在能做得人的模範、	59	h	55.01	NULL	語苑十二
1558	各個囝仔著有孝父母、	59	h	55.02	NULL	語苑十二
1559	父母是惜囝仔、即能講得好家風、	59	h	55.03	NULL	語苑十二
1560	算是真好的事情。	59	h	55.04	NULL	語苑十二
1561	NULL	59	h	56	NULL	語苑十二
1562	有一個賣萬年龜的、	59	h	56.01	NULL	語苑十二
1563	在彼街裡在賣萬年龜、	59	h	56.02	NULL	語苑十二
1564	有一個好額人、	59	h	56.03	NULL	語苑十二
1565	與伊買去隔日彼隻龜遂死去、	59	h	56.04	NULL	語苑十二
1566	彼個人即來尋彼個賣萬年龜的講、	59	h	57.01	NULL	語苑十二
1567	汝昨日賣我彼隻、是萬年龜了口荷、	59	h	57.02	NULL	語苑十二
1568	伊講是了、彼個買萬年龜的人就講、	59	h	57.03	NULL	語苑十二
1569	若是萬年龜、按怎昨日著死、	59	h	57.04	NULL	語苑十二
1570	罵萬年龜即講、	59	h	57.05	NULL	語苑十二
1571	彼是到萬年的期限了。	59	h	57.06	NULL	語苑十二
1572	NULL	59	h	62	NULL	語苑十二
1573	城市的狐狸曾辦桌請田庄的狐狸、	59	h	62.01	NULL	語苑十二
1574	在覆绒氈的桌頂鋪	59	h	62.02	NULL	語苑十二
1575	排牛乳嘮果子糕嘮、	59	h	62.03	NULL	語苑十二
1576	抑是番仔餅的欵的	59	h	62.04	NULL	語苑十二
1577	算在田庄沒得嗅氣味的珍饈、	59	h	62.05	NULL	語苑十二
1578	二個若講多閑話	59	h	62.06	NULL	語苑十二
1579	若開桌吃到心適的時、	59	h	62.07	NULL	語苑十二
1580	彼刻不知疎子門倒落去抑不是、	59	h	62.08	NULL	語苑十二
1581	聽見聲傍一下、	59	h	63.01	NULL	語苑十二
1582	城市的狐狸粘捷走離、	59	h	63.02	NULL	語苑十二
1583	田庄的狐狸亦隨伊緩緩仔走去、	59	h	63.03	NULL	語苑十二
1584	更較無若久、聲默靜去城市的狐狸	59	h	63.04	NULL	語苑十二
1585	從穴內把出來、口斗田庄的狐狸講、	59	h	63.05	NULL	語苑十二
1586	來呢請汝緊食息即好、	59	h	63.06	NULL	語苑十二
1587	田庄的狐狸應伊講、	59	h	63.07	NULL	語苑十二
1588	今我不敢食腥繰、在田庄我的厝裡	59	h	63.08	NULL	語苑十二
1589	雖然無腥繰而已	59	h	63.09	NULL	語苑十二
1590	不拘心肝能安定可食、	59	h	63.1	NULL	語苑十二
1591	這惡形的暢樂我不敢、	59	h	63.11	NULL	語苑十二
1592	若講如此緊緊走返去。	59	h	63.12	NULL	語苑十二
1593	NULL	59	i	34	NULL	語苑十二
1594	本島人的其中忘恩背義的不止多。	59	i	34.01	NULL	語苑十二
1595	往過有受真大的恩情的、	59	i	35.01	NULL	語苑十二
1596	亦是現前若無得利就路頭裡	59	i	35.02	NULL	語苑十二
1597	適著媽無相借問、	59	i	35.03	NULL	語苑十二
1598	反轉越頭看別位假不知在行過去。	59	i	35.04	NULL	語苑十二
1599	我如此講亦不是勸人討人情。	59	i	35.05	NULL	語苑十二
1600	總是仁情若有別人兜不合式	59	i	35.06	NULL	語苑十二
1601	恬恬做inu假不知。	59	i	35.07	NULL	語苑十二
1602	央事情的時糊成到要哮要哮、	59	i	35.08	NULL	語苑十二
1603	事若好勢然後相見面亦佯不知。	59	i	35.09	NULL	語苑十二
1604	inu若有利與害的關係	59	i	35.1	NULL	語苑十二
1605	就另外好禮、	59	i	35.11	NULL	語苑十二
1606	不拘事若息連講話都不參伊講、	59	i	35.12	NULL	語苑十二
1607	實在顧目前而已攏無剩後的事。	59	i	35.13	NULL	語苑十二
1608	真有影無義狗的。	59	i	36.01	NULL	語苑十二
1609	NULL	59	i	50	NULL	語苑十二
1610	邱惇聽見長工此個話、	59	i	50.01	NULL	語苑十二
1611	恨沒得較緊天光走返去伊厝、	59	i	50.02	NULL	語苑十二
1612	隔明仔早與長工返來、	59	i	50.03	NULL	語苑十二
1613	看見陳氏美面色親像桃子花、	59	i	50.04	NULL	語苑十二
1614	心肝越愈僥疑、問汪琦有來抑無。	59	i	51.01	NULL	語苑十二
1615	陳氏美講、無。彼一暝昏邱惇又	59	i	51.02	NULL	語苑十二
1616	更問汪琦往來的因端。	59	i	51.03	NULL	語苑十二
1617	陳氏美想要用話騙伊、	59	i	51.04	NULL	語苑十二
1618	汝無在得的時候、	59	i	51.05	NULL	語苑十二
1619	內外門戶定定關得、那有查晡人、	59	i	51.06	NULL	語苑十二
1620	能得入來到厝內、汝那有此的話、	59	i	51.07	NULL	語苑十二
1621	可來誣賴我、	59	i	51.08	NULL	語苑十二
1622	的確是有人講歹話害怕咱夫某不好。	59	i	51.09	NULL	語苑十二
1623	邱惇講、不免性急、	59	i	51.1	NULL	語苑十二
1624	有影無影後日仔、自然能知。	59	i	51.11	NULL	語苑十二
1625	陳氏美、亦驚亦煩惱、默默攏無話。	59	i	52.01	NULL	語苑十二
1626	第二日透早、	59	i	52.02	NULL	語苑十二
1627	有人與邱惇chio栗、	59	i	52.03	NULL	語苑十二
1628	邱惇與伊去庄裡。	59	i	52.04	NULL	語苑十二
1629	汪琦知影邱惇出去、隨時走來、	59	i	52.05	NULL	語苑十二
1630	看見陳氏美鬱卒不暢樂、	59	i	52.06	NULL	語苑十二
1631	就問伊的因端。陳氏美實在講、	59	i	52.07	NULL	語苑十二
1632	阮夫知影此條事情、今要怎樣即好。	59	i	52.08	NULL	語苑十二
1633	汪琦講、既是如此、不免煩惱、	59	i	52.09	NULL	語苑十二
1634	自此滿以後我不來您厝著無事情。	59	i	52.1	NULL	語苑十二
1635	陳氏美講、我看汝是有才情的人、	59	i	52.11	NULL	語苑十二
1636	所以有心愛隨汝、	59	i	52.12	NULL	語苑十二
1637	元來是無路用的人、我與汝此好、	59	i	53.01	NULL	語苑十二
1638	著永遠的計智、按怎樣講離開的話、	59	i	53.02	NULL	語苑十二
1639	汝彼小膽、無彩我欵待汝的心肝。	59	i	53.03	NULL	語苑十二
1640	汪琦講、亦不要怎樣即好。	59	i	53.04	NULL	語苑十二
1641	陳氏美講、的確著害死邱惇、	59	i	53.05	NULL	語苑十二
1642	即有久長汝想看bai得、	59	i	53.06	NULL	語苑十二
1643	有甚麼好機會抑無。汪琦想到真久、	59	i	53.07	NULL	語苑十二
1644	攏無計智、勿然想出一項事情、	59	i	53.08	NULL	語苑十二
1645	真正好勢、緊緊對陳氏美講、	59	i	53.09	NULL	語苑十二
1646	真適好有一個機會、若能得成功、	59	i	53.1	NULL	語苑十二
1647	著不免煩惱。陳氏美講、	59	i	54.01	NULL	語苑十二
1648	有甚麼好機會。汪琦即講、	59	i	54.02	NULL	語苑十二
1649	咱此所在、有一個極高的山、	59	i	54.03	NULL	語苑十二
1650	山尾糸秋有一層崎、	59	i	54.04	NULL	語苑十二
1651	崎頂有一個堀、名號做龍堀、	59	i	54.05	NULL	語苑十二
1652	曾有人看見龍的形狀、露現出來、	59	i	54.06	NULL	語苑十二
1653	若有人看見龍的時候、的確能落雨、	59	i	54.07	NULL	語苑十二
1654	此滿亢旱真久、大家愛要落雨、	59	i	54.08	NULL	語苑十二
1655	前日仔咱此同庄的人、	59	i	54.09	NULL	語苑十二
1656	有講要相招去龍堀乞雨、	59	i	54.1	NULL	語苑十二
1657	邱惇有田園的干係、亦的確能去、	59	i	54.11	NULL	語苑十二
1658	等候伊去、自然有機會。	59	i	54.12	NULL	語苑十二
1659	陳氏美歡喜即講、事情清楚以後、	59	i	55.01	NULL	語苑十二
1660	我就能曉發落。汪琦話講了、	59	i	55.02	NULL	語苑十二
1661	站彼食站彼睏、	59	i	55.03	NULL	語苑十二
1662	過了二日果然同庄的人、打鑼打鼓、	59	i	55.04	NULL	語苑十二
1663	要去龍堀乞雨、	59	i	55.05	NULL	語苑十二
1664	邱惇亦與眾人相chua7去、	59	i	55.06	NULL	語苑十二
1665	扒上崎頂、汪琦隨到龍堀邊、	59	i	55.07	NULL	語苑十二
1666	眾人燒金放炮、向堀中敗求、	59	i	55.08	NULL	語苑十二
1667	無若久日頭落山、眾人返去。	59	i	55.09	NULL	語苑十二
1668	邱惇四界看光景、緩緩仔行、	59	i	55.1	NULL	語苑十二
1669	汪琦隨伊腳脊後、行到龍堀、	59	i	55.11	NULL	語苑十二
1670	汪琦大聲喝、面前有龍飛出來、	59	i	55.12	NULL	語苑十二
1671	龍爪看現現、	59	i	55.13	NULL	語苑十二
1672	邱惇愛看、走去龍堀墘探頭、	59	i	56.01	NULL	語苑十二
1673	汪琦站在後面、用手一下推、	59	i	56.02	NULL	語苑十二
1674	邱惇腳kia沒住、跋落龍堀、	59	i	56.03	NULL	語苑十二
1675	汪琦緊走返來講給陳氏美知影。	59	i	56.04	NULL	語苑十二
1676	陳氏美歡喜講、我與汝永遠相好、	59	i	56.05	NULL	語苑十二
1677	今不免煩惱、	59	i	56.06	NULL	語苑十二
1678	自此滿起汪琦大膽出入、	59	i	56.07	NULL	語苑十二
1679	往來不驚人知、厝邊隔壁的人、	59	i	56.08	NULL	語苑十二
1680	問陳氏美、邱惇攏無看見、	59	i	56.09	NULL	語苑十二
1681	此久去何位。	59	i	56.1	NULL	語苑十二
1682	陳氏美瞞騙眾人講是出外去、	59	i	56.11	NULL	語苑十二
1683	尚未返來大概是去真遠幾十鋪路、	59	i	56.12	NULL	語苑十二
1684	敢是與人合股做生理、即有此久。	59	i	56.13	NULL	語苑十二
1685	NULL	59	i	61	NULL	語苑十二
1686	古早時、	59	i	61.01	NULL	語苑十二
1687	在臺南有幾那個有學問的人在咧、	59	i	61.02	NULL	語苑十二
1688	有一年、官廳在要採用文官、	59	i	61.03	NULL	語苑十二
1689	聽見的時候、	59	i	61.04	NULL	語苑十二
1690	彼有學問的讀書人的其中六七個、	59	i	61.05	NULL	語苑十二
1691	是真信神的人、	59	i	61.06	NULL	語苑十二
1692	有一日大家相招聚集即講、	59	i	61.07	NULL	語苑十二
1693	此次的試驗問題、不知是甚麼款的、	59	i	61.08	NULL	語苑十二
1694	有個應講、	59	i	61.09	NULL	語苑十二
1695	咱亦不是神明、何能知呢、	59	i	62.01	NULL	語苑十二
1696	有個都講、尚無、來去問仙乩好否、	59	i	62.02	NULL	語苑十二
1697	六七個攏應講好、作夥開錢、	59	i	62.03	NULL	語苑十二
1698	即去問仙乩、問到二三日、亦無猫、	59	i	62.04	NULL	語苑十二
1699	亦無鵁鴒、大家續怒氣起來、	59	i	62.05	NULL	語苑十二
1700	即講無影無跡、若要有神、	59	i	62.06	NULL	語苑十二
1701	按怎樣到今攏無報甚欵呢、講了、	59	i	62.07	NULL	語苑十二
1702	聽一霎仔久、仙乩正是震動、就寫「	59	i	62.08	NULL	語苑十二
1703	不知不知又不知何必問我的仙乩」	59	i	62.09	NULL	語苑十二
1704	的、大家看見、笑哈哈、講無採錢、	59	i	62.1	NULL	語苑十二
1705	寫彼號話、甚人猜能出來啊、	59	i	62.11	NULL	語苑十二
1706	將如此、收收起來、	59	i	62.12	NULL	語苑十二
1707	各人即返去inu厝裡、未若久、	59	i	62.13	NULL	語苑十二
1708	官廳正寔出告示、	59	i	63.01	NULL	語苑十二
1709	定日要採用文官嘮、	59	i	63.02	NULL	語苑十二
1710	此個人想要去考試、及更聚集、講、	59	i	63.03	NULL	語苑十二
1711	前日仙乩寫的字、不知甚麼意味、	59	i	63.04	NULL	語苑十二
1712	總是能及弟、亦不及第、	59	i	63.05	NULL	語苑十二
1713	算是人的福氣嗎、	59	i	63.06	NULL	語苑十二
1714	所以大家相chua7去考試、	59	i	63.07	NULL	語苑十二
1715	去到考場、出的題頭是「	59	i	63.08	NULL	語苑十二
1716	子曰不知命、無以為君子也、	59	i	63.09	NULL	語苑十二
1717	不知禮無以立也、	59	i	63.1	NULL	語苑十二
1718	不知言無以知人也」、	59	i	63.11	NULL	語苑十二
1719	大家目睭向題頭金金看、即想看、	59	i	63.12	NULL	語苑十二
1720	前日仙乩的文字、	59	i	63.13	NULL	語苑十二
1721	有應效、不拘無張持、	59	i	64.01	NULL	語苑十二
1722	續攏考無著、摸鼻到返去了了。	59	i	64.02	NULL	語苑十二
1939	源仔舍，阮腳痛到，行沒得去嘮。	NULL	NULL	語苑3：2	裴嬌	語苑三
1940	有影都著，源仔舍，講今仔日要Ａ伊出來ＣＤ，	NULL	NULL	語苑3：2	江成	語苑三
1941	所以昨暗睏沒得落眠，等沒得天光，從早起早早行到此候，	NULL	NULL	語苑3：2	江成	語苑三
1942	不但雲嬌沒行而已，連我都腳真酸。	NULL	NULL	語苑3：2	江成	語苑三
1943	此號查某行來到此，即嫌艱苦，要撓苦人客是否，	NULL	NULL	語苑3：2	陳氏Ｂ	語苑三
1944	更行免若遠，著有所在可休息。	NULL	NULL	語苑3：2	陳氏Ｂ	語苑三
1945	Ｅ不可罵伊，雲嬌如此講都著，若要掠我准別人，	NULL	NULL	語苑3：2-3	裴源	語苑三
1946	就不講如此，總是伊與我若夫妻一般，攏無客氣即如此的，	NULL	NULL	語苑3：3	裴源	語苑三
1947	免責備伊的事，哈哈，更克苦行一時仔久，	NULL	NULL	語苑3：3	裴源	語苑三
1948	到彼即來緩緩仔休息。	NULL	NULL	語苑3：3	裴源	語苑三
1949	如此好，來去來去。	NULL	NULL	語苑3：3	王氏英	語苑三
1950	抑無，罔更行，先生啊，來去Ｆ。	NULL	NULL	語苑3：3	雲嬌	語苑三
1951	好，更來去。	NULL	NULL	語苑3：3	江成	語苑三
1952	來去來去。	NULL	NULL	語苑3：3	裴源	語苑三
1953	唉雲嬌仔，我昨暗都有與汝講，定定做此號藝姐，	NULL	NULL	語苑3：3	裴源	語苑三
1954	得確沒出身，著趁早收起來，給恁姑家較快活，	NULL	NULL	語苑3：3	裴源	語苑三
1955	汝打算要怎樣，實在早一日一日好，趕緊與恁姑家參商，	NULL	NULL	語苑3：3-4	裴源	語苑三
1956	勿做藝姐較好麼。	NULL	NULL	語苑3：4	裴源	語苑三
1957	著汝賢相愛顧盡心勸我，我都亦在想，總是我被汝娶去，	NULL	NULL	語苑3：4	雲嬌	語苑三
1958	做居家查某，我敢不慣習咯，均屬食此號飯，快活快活，	NULL	NULL	語苑3：4	雲嬌	語苑三
1959	今要Ｇ我做居家人，我無真愛。	NULL	NULL	語苑3：4	雲嬌	語苑三
1960	彼是在汝打算甚欸，要做正經查某，亦不是為難的事。	NULL	NULL	語苑3：4	裴源	語苑三
1961	正是正是，源仔舍講了有道理，雲嬌汝若有打算，	NULL	NULL	語苑3：4	江成	語苑三
1962	得確能出頭，源仔舍如此溫順好量，又更有錢，	NULL	NULL	語苑3：4	江成	語苑三
1963	官人亦選伊做團長，要嫁親像此好夫，實在真難。	NULL	NULL	語苑3：4	江成	語苑三
1964	有影有影，若趕緊被伊娶去，規矩去隨一個較好。	NULL	NULL	語苑3：5	王氏英	語苑三
1965	我亦無愛伊一世人做此號藝姐，想要被伊趕緊修善，	NULL	NULL	語苑3：5	陳氏Ｂ	語苑三
1966	源仔舍，總望汝即較牽拾伊咧。	NULL	NULL	語苑3：5	陳氏Ｂ	語苑三
1967	著咯，總是不可迫彼緊，此好事我身上的事，	NULL	NULL	語苑3：5	雲嬌	語苑三
1968	著給我少些打算看覓得，我即續沒得隨時答應汝，	NULL	NULL	語苑3：5	雲嬌	語苑三
1969	著否，阿母啊。	NULL	NULL	語苑3：5	雲嬌	語苑三
1970	如此有影，雲嬌講如此有情理，若是如此，我即與伊參商，	NULL	NULL	語苑3：5	陳氏Ｂ	語苑三
1971	有好勢無好勢，即通知汝，請給我限四五日仔。	NULL	NULL	語苑3：5	陳氏Ｂ	語苑三
1972	如此亦著，打算亦難得隨時答應汝。	NULL	NULL	語苑3：6	江成	語苑三
1973	彼真奇，怎樣有隨時沒得答應的情理，我知咯我知咯，	NULL	NULL	語苑3：6	裴源	語苑三
1974	伊得確有契兄。	NULL	NULL	語苑3：6	裴源	語苑三
1975	無啊，講甚貨，無影無跡的事情。	NULL	NULL	語苑3：6	雲嬌	語苑三
1976	源仔舍，汝做你免驚，我不時都隨住住。	NULL	NULL	語苑3：6	陳氏Ｂ	語苑三
1977	啍，若無都是無要緊，設使若有契兄，我亦有打算。	NULL	NULL	語苑3：6	裴源	語苑三
1978	著咯，打算敢無彼號事情，汝做汝放心。	NULL	NULL	語苑3：6	江成	語苑三
1979	今如此算是定著咯，返來去Ｇ一些酒食食咧。	NULL	NULL	語苑3：6	王氏英	語苑三
1980	啍，如此好，來去來去。	NULL	NULL	語苑3：6	裴源	語苑三
1981	Ｅ，在創甚。	NULL	NULL	語苑3：7	張雄	語苑三
1982	噯喲。	NULL	NULL	語苑3：7	雲嬌	語苑三
1983	唉，恁在創甚貨。	NULL	NULL	語苑3：7	裴源	語苑三
1984	甚，恁在講甚貨，伊撞著我，害我跌倒，免與阮會不著，	NULL	NULL	語苑3：7	張雄	語苑三
1985	彼是怎樣。	NULL	NULL	語苑3：7	張雄	語苑三
1986	唉，撞著伊的是此個ＨＩ仔麼，汝此個破貍，	NULL	NULL	語苑3：7	李強	語苑三
1987	面水都不止能看得，實在汝真嬲。	NULL	NULL	語苑3：7	李強	語苑三
1988	啊，恁真無情理，恁撞著阮，顛倒賴阮。	NULL	NULL	語苑3：7	雲嬌	語苑三
1989	我隨在後面在看，阮查某仔，得確無去撞著汝。	NULL	NULL	語苑3：8	陳氏Ｂ	語苑三
1990	Ｅ汝此個醉漢，汝在放狗屁是否，伊准有去撞著恁，	NULL	NULL	語苑3：8	裴源	語苑三
1991	伊是查某人Ｆ，像恁大摸箍的人，何撞能得倒。	NULL	NULL	語苑3：8	裴源	語苑三
1992	著著，伊亦無撞著恁，恁自己去放給伊倒落去，	NULL	NULL	語苑3：8	江成	語苑三
1993	即講東講西。	NULL	NULL	語苑3：8	江成	語苑三
1994	甚，汝講是阮去撞著伊，即自己倒落去，	NULL	NULL	語苑3：8	張雄	語苑三
1995	使恁娘汝有事憑據無。	NULL	NULL	語苑3：8	張雄	語苑三
1996	若有憑據，汝講出來。	NULL	NULL	語苑3：8	李強	語苑三
1997	Ｊ鳥給汝咬，汝在酒狂是否，伊是查某人，何Ｋ汝能得倒。	NULL	NULL	語苑3：8	裴源	語苑三
1998	有影實在是如此，若是講被查某人硤倒，	NULL	NULL	語苑3：8	江成	語苑三
1999	恁有甚面皮可見人。	NULL	NULL	語苑3：8-9	江成	語苑三
2000	恬恬，無汝的事，汝免插嘴，唉，此條要設甚款。	NULL	NULL	語苑3：9	張雄	語苑三
2001	唉，著恁要怎樣閣，若無講一下條直，得確不放汝息。	NULL	NULL	語苑3：9	李強	語苑三
2002	講甚，不放阮息，隨在汝來。	NULL	NULL	語苑3：9	江成	語苑三
2003	使恁娘，汝真激屎，李強仔，與伊打。	NULL	NULL	語苑3：9	張雄	語苑三
2004	與伊打。	NULL	NULL	語苑3：9	李強	語苑三
2005	唉，恁怎樣彼歹要甚事。	NULL	NULL	語苑3：9	周文	語苑三
2006	阮若有歹，是Ｌ無情理，大家即如此。	NULL	NULL	語苑3：9	張雄	語苑三
2007	不拘Ｌ攏是查某人麼。	NULL	NULL	語苑3：10	周文	語苑三
2008	啊，我不知Ｇ是甚人，都是團長，插嘴有較過頭，	NULL	NULL	語苑3：10	周文	語苑三
2009	真得罪。	NULL	NULL	語苑3：10	周文	語苑三
2010	Ｅ不是如此講，幸哉，更適好汝來。	NULL	NULL	語苑3：10	裴源	語苑三
2011	恁做恁干乾在講話，要與阮打算甚款。	NULL	NULL	語苑3：10	張雄	語苑三
2012	等咧，我隨時即與恁返與伊好勢，	NULL	NULL	語苑3：10	周文	語苑三
2013	團長到底此條是因為怎樣。	NULL	NULL	語苑3：10	周文	語苑三
2014	是如此嘮，阮頭纔仔，要返去的時，此兩個酒醉的，	NULL	NULL	語苑3：10	裴源	語苑三
2015	來撞著此個藝姐，顛倒講是被伊撞著，在稟文稟武。	NULL	NULL	語苑3：10	裴源	語苑三
2016	是如此Ｆ，若如此生，恁都是交偏人，好，我與汝輸贏，	NULL	NULL	語苑3：11	周文	語苑三
2017	來閣。	NULL	NULL	語苑3：11	周文	語苑三
2018	使恁老母，大空，不更住得。	NULL	NULL	語苑3：11	周文	語苑三
2019	Ｅ周文好得汝來，大家即無事情，幸哉幸哉，	NULL	NULL	語苑3：11	裴源	語苑三
2020	今無甚麼可與汝說謝，總是咱真久攏無做陣，	NULL	NULL	語苑3：11	裴源	語苑三
2021	又纔仔大家講要飲一杯酒，若無相忌嫌，大家做陣來去。	NULL	NULL	語苑3：11	裴源	語苑三
2022	真多謝，不免如此，我有淡薄仔要緊的事情，	NULL	NULL	語苑3：11	周文	語苑三
2023	此候適適要來去，無，另日即拜候汝。	NULL	NULL	語苑3：11	周文	語苑三
2024	周文兄，源仔舍切意要請汝，好咯，大家做陣來去。	NULL	NULL	語苑3：11-2	江成	語苑三
2025	今伊都講有要緊的事情，若強強伊，顛倒歹勢。	NULL	NULL	語苑3：12	陳氏Ｂ	語苑三
2026	如此都是，實在真不過意，今無，較失禮咧。	NULL	NULL	語苑3：12	裴源	語苑三
2027	沒啊，另日即更拜候汝。	NULL	NULL	語苑3：12	周文	語苑三
2028	今大家來去啊。	NULL	NULL	語苑3：12	裴源	語苑三
2029	我腹肚痛到，恁作恁先行，我尾後連鞭去。	NULL	NULL	語苑3：12	雲嬌	語苑三
2030	甚，汝腹肚痛是否，今要按怎樣，大力抑少些。	NULL	NULL	語苑3：12	裴源	語苑三
2031	無啊，無到怎樣大力痛。	NULL	NULL	語苑3：12	雲嬌	語苑三
2032	如此Ｆ，實在我想要看顧汝，不拘在此路裡，	NULL	NULL	語苑3：12	裴源	語苑三
2033	被人看見較歹勢，唉，恁甚人一個住此，與伊看咧。	NULL	NULL	語苑3：12-3	裴源	語苑三
2034	在此半路，即來腹肚痛，實在真艱苦，今無要緊Ｆ，	NULL	NULL	語苑3：13	陳氏Ｂ	語苑三
2035	我在此與伊做陣。	NULL	NULL	語苑3：13	陳氏Ｂ	語苑三
2036	不免仔，少些痛而已，免與我住此，阿娘，	NULL	NULL	語苑3：13	雲嬌	語苑三
2037	汝參源仔舍愈去，若無，源仔舍能去尋別的藝姐，	NULL	NULL	語苑3：13	雲嬌	語苑三
2038	我真煩惱，汝著不可給伊走對何去Ｆ。	NULL	NULL	語苑3：13	雲嬌	語苑三
2039	如此亦有影，源仔舍，阮媳婦都如此講，無，	NULL	NULL	語苑3：13	陳氏Ｂ	語苑三
2040	咱預先愈來去。	NULL	NULL	語苑3：13	陳氏Ｂ	語苑三
2041	我的事，汝彼呢掛心，我得確無彼荒騷，汝做汝免煩惱，	NULL	NULL	語苑3：13	裴源	語苑三
2042	較停著緊來Ｆ。	NULL	NULL	語苑3：13	裴源	語苑三
2043	雲嬌仔，源仔舍準若要去何荒騷，我都做陣得，	NULL	NULL	語苑3：13	江成	語苑三
2044	汝做汝放心，源仔舍，來去啊。	NULL	NULL	語苑3：13	江成	語苑三
2045	唉，雲嬌，彼個團長，是汝的相好的是否。	NULL	NULL	語苑3：14	周文	語苑三
2046	嗄，講甚，伊真沒曉衰，伊常常講要娶我，不時與我在纏，	NULL	NULL	語苑3：14	雲嬌	語苑三
2047	Ｅ，蓋費氣Ｆ。	NULL	NULL	語苑3：14	雲嬌	語苑三
2048	被伊娶去豈不好，若如此，汝可做裴源的夫人得確能出頭天。	NULL	NULL	語苑3：14	周文	語苑三
2049	汝在講甚，講被伊娶去較好是否，	NULL	NULL	語苑3：14	雲嬌	語苑三
2050	汝打算我是彼淺想的查某Ｆ，汝亦無想我已經與汝生子咯，	NULL	NULL	語苑3：14	雲嬌	語苑三
2051	我是仰望後來可與汝快活，即著受苦到如此，	NULL	NULL	語苑3：14	雲嬌	語苑三
2052	此候更被汝講此號話，今我都無可所靠咯。	NULL	NULL	語苑3：14	雲嬌	語苑三
2053	無啊，我是與汝講笑的，今勿怒氣咯，我實在不是在疑汝，	NULL	NULL	語苑3：14	周文	語苑三
2054	今我較不著Ｆ。	NULL	NULL	語苑3：14	周文	語苑三
2055	免講啊，何有一個夫與妻會不著，總是我既然在趁此號食，	NULL	NULL	語苑3：15	雲嬌	語苑三
2056	不知甚人，能講咱的歹話，亦無得確，望汝後日不管甚人，	NULL	NULL	語苑3：15	雲嬌	語苑三
2057	講咱的歹話，汝得確不可疑我。	NULL	NULL	語苑3：15	雲嬌	語苑三
2058	此條汝免煩惱咱二個更艱苦亦無若久，此候加講亦無路用，	NULL	NULL	語苑3：15	周文	語苑三
2059	恰若丈姆屢屢在講，我實在真不中用，總是丈姆亦傷無款，	NULL	NULL	語苑3：15	周文	語苑三
2060	我自來被恁招，我亦十分認真做頭路，一日趁彼七八角銀，	NULL	NULL	語苑3：15	周文	語苑三
2061	卻是無到何落，總是若較準節得用，亦不是沒得過日，	NULL	NULL	語苑3：15	周文	語苑三
2062	親像丈姆，烏煙食比人重倍，尚又各日要食好物，	NULL	NULL	語苑3：15	周文	語苑三
2063	不管甚麼事，就講伊是序大人，攏不照情理，	NULL	NULL	語苑3：15-6	周文	語苑三
2064	豈若如此而已，連咱二個此呢好好，強強變被伊離開，	NULL	NULL	語苑3：16	周文	語苑三
2065	來給汝做此號藝姐，据在世間的人，罵伊是老貍，	NULL	NULL	語苑3：16	周文	語苑三
2066	咱二個不時哭到按怎樣，伊自己若好，伊攏無要緊，	NULL	NULL	語苑3：16	周文	語苑三
2067	伊若是親像別人，有淡薄仔可憐咱，	NULL	NULL	語苑3：16	周文	語苑三
2068	咱今仔日得確免此呢悽慘，一家和順可過日，	NULL	NULL	語苑3：16	周文	語苑三
2069	實在心肝怎樣彼呢硬。	NULL	NULL	語苑3：16	周文	語苑三
2070	蓋有影，咱是序細，沒使得講，實在阿娘真雄Ｆ，	NULL	NULL	語苑3：16	雲嬌	語苑三
2071	彼呢老咯，亦無淡薄仔愛孫仔，啊，在講孫仔，	NULL	NULL	語苑3：16	雲嬌	語苑三
2072	彼二個囝仔，打算敢真吵汝。	NULL	NULL	語苑3：16	雲嬌	語苑三
2073	能亦沒，被此二個囝仔吵到，要做工課亦被伊纏纏絆絆，	NULL	NULL	語苑3：16	周文	語苑三
2074	尚亦無彼號工可不時照顧伊，實在此幫真艱苦。	NULL	NULL	語苑3：16-7	周文	語苑三
2075	是都著，實在對汝真沒得過，我亦不時掛在心肝，	NULL	NULL	語苑3：17	雲嬌	語苑三
2076	總是更較怎樣講，此候的境過，亦是無法得。	NULL	NULL	語苑3：17	雲嬌	語苑三
2077	今如此，咱二個更較講，亦是沒得出處，在我打算，	NULL	NULL	語苑3：17	周文	語苑三
2078	此二個囝仔，來去寄人，尚我來去較大坎的生理店，	NULL	NULL	語苑3：17	周文	語苑三
2079	被人倩，學一個枝藝，仰望日後能成功沒，	NULL	NULL	語苑3：17	周文	語苑三
2080	我此候已經有在發落。	NULL	NULL	語苑3：17	周文	語苑三
2081	如此，蓋好，若如此，汝亦可認真做頭路，啊，	NULL	NULL	語苑3：17	雲嬌	語苑三
2082	我適適有帶淡薄仔錢，汝與我提起來。	NULL	NULL	語苑3：17	雲嬌	語苑三
2083	如此，亦不真....。	NULL	NULL	語苑3：17	周文	語苑三
2084	唉，恁二個在變怎樣頭路，少些無與恁斟酌，恁連鞭如此，	NULL	NULL	語苑3：18	陳氏Ｂ	語苑三
2085	周文仔，汝此個不將志的查脯子，汝真賢講大話Ｆ，	NULL	NULL	語苑3：18	陳氏Ｂ	語苑三
2086	我此候在邊仔一下聽，講我無情咯老貍咯，這是恁個事情麼，	NULL	NULL	語苑3：18	陳氏Ｂ	語苑三
2087	我此個老的，將早有十分張持恁，即有性命食到今仔日，	NULL	NULL	語苑3：18	陳氏Ｂ	語苑三
2088	我若一點仔無張持，早早被恁二個毒死亦無得確。	NULL	NULL	語苑3：18	陳氏Ｂ	語苑三
2089	阿娘，阮二個何敢如此，講到如此歹聽。	NULL	NULL	語苑3：18	雲嬌	語苑三
2090	恬恬，我食到此老咯，我豈愛講東講西，當時厝邊頭尾的人	NULL	NULL	語苑3：18	陳氏Ｂ	語苑三
2091	大家在嘩，講恁二個，甚麼在相愛咯，尚在怎樣咯，	NULL	NULL	語苑3：18	陳氏Ｂ	語苑三
2092	彼時我看汝真無愛，不拘一下想倒返，不如給恁成夫妻，	NULL	NULL	語苑3：18	陳氏Ｂ	語苑三
2093	著能識我的情份沒，一下Ｇ媒人與恁講，嚄，	NULL	NULL	語苑3：18-9	陳氏Ｂ	語苑三
2094	恁就講汝的身份不被人招咯，恁厝按怎樣咯，推到裂裂裂，	NULL	NULL	語苑3：19	陳氏Ｂ	語苑三
2095	彼時我打算，米已經煮成飯咯，遂顛倒好嘴與恁求，	NULL	NULL	語苑3：19	陳氏Ｂ	語苑三
2096	汝即肯來給阮招，我一下想，今能給我淡薄仔較快活沒，	NULL	NULL	語苑3：19	陳氏Ｂ	語苑三
2097	初初即放心，汝此個不中用的，即若日日給我受苦而已，	NULL	NULL	語苑3：19	陳氏Ｂ	語苑三
2098	恁二個相鬥空，來糟撻我此個老的，	NULL	NULL	語苑3：19	陳氏Ｂ	語苑三
2099	尚頂日恁兄弟分家伙的時，汝連一個歹錢仔孤亦才情可提，	NULL	NULL	語苑3：19	陳氏Ｂ	語苑三
2100	汝此班弱漢的，看著恁妻，就講要能成器咯，講彼號凸風話	NULL	NULL	語苑3：19	陳氏Ｂ	語苑三
2101	尚即來與恁妻討錢，親像此號甚麼款，此號ＭＨＩ，	NULL	NULL	語苑3：19	陳氏Ｂ	語苑三
2102	真無目睭，對此無面皮的人，講甚麼沒得過咯，尚甚貨，	NULL	NULL	語苑3：19	陳氏Ｂ	語苑三
2103	我自起頭，看恁二個的形狀真奇怪，一下返來看，	NULL	NULL	語苑3：19-20	陳氏Ｂ	語苑三
2104	在此大路，亦沒曉羞恥，彼是甚麼樣相，	NULL	NULL	語苑3：20	陳氏Ｂ	語苑三
2105	恁此二個禽獸不是人。	NULL	NULL	語苑3：20	陳氏Ｂ	語苑三
2106	丈姆，汝講到此歹聽，亦無對汝講甚不孝的事情。	NULL	NULL	語苑3：20	周文	語苑三
2107	如此亦能堪得給汝更不孝。	NULL	NULL	語苑3：20	陳氏Ｂ	語苑三
2108	阿娘，汝亦所聽，是講將二個囝仔寄別人，	NULL	NULL	語苑3：20	雲嬌	語苑三
2109	伊要去趁食而已，汝亦使彼大聲罵，又，就是汝，	NULL	NULL	語苑3：20	雲嬌	語苑三
2110	彼二個囝仔是汝個孫抑不是，汝少些相照顧咧，亦是可。	NULL	NULL	語苑3：20	雲嬌	語苑三
2111	甚，汝二個在此大路裡，糟撻我Ｆ，好好，	NULL	NULL	語苑3：20	陳氏Ｂ	語苑三
2112	即時彼二個囝仔我即與汝抱來，不出三日，汝著成器，	NULL	NULL	語苑3：20-1	陳氏Ｂ	語苑三
2113	給我快活過日。	NULL	NULL	語苑3：21	陳氏Ｂ	語苑三
2114	阿娘，汝何如此刁難人。	NULL	NULL	語苑3：21	雲嬌	語苑三
2115	無無，我得確要來去抱。	NULL	NULL	語苑3：21	陳氏Ｂ	語苑三
2116	阮都不是如此講的。	NULL	NULL	語苑3：21	周文	語苑三
2117	免講，汝此個無體面的，雲嬌啊，汝著趕緊去人客彼，	NULL	NULL	語苑3：21	陳氏Ｂ	語苑三
2118	各項都攏講定著麼。	NULL	NULL	語苑3：21	陳氏Ｂ	語苑三
2119	丈姆仔。	NULL	NULL	語苑3：21	周文	語苑三
2120	周文啊。	NULL	NULL	語苑3：21	雲嬌	語苑三
2121	嗚，疲到....實在要使囝仔較能濫滲使得，總是被人使用的，	NULL	NULL	語苑3：23	囝仔	語苑三
2122	蓋艱苦，又更做到此號生理，一年透天，	NULL	NULL	語苑3：23-4	囝仔	語苑三
2123	不時都被米糠揚到半少死，無一項親像此艱苦，	NULL	NULL	語苑3：24	囝仔	語苑三
2124	又尤虎若無住此，新來彼個周文，做人不止溫純，	NULL	NULL	語苑3：24	囝仔	語苑三
2125	就較快活，Ｌ娘鬼，彼個尤虎，不時都要差使，	NULL	NULL	語苑3：24	囝仔	語苑三
2126	正經在頭家的面前伊就講東講西，來舖排頭家，	NULL	NULL	語苑3：24	囝仔	語苑三
2127	若在腳尻後， 伊就怠惰，Ｅ，彼箍，我蓋嫌，	NULL	NULL	語苑3：24	囝仔	語苑三
2128	若去被別人倩不真好。	NULL	NULL	語苑3：24	囝仔	語苑三
2129	蕃薯啊，我住此顧店，汝入去內面休息咧。	NULL	NULL	語苑3：24	周文	語苑三
2130	好，我今都拋掃好咯，無，且拜托汝一點仔久。	NULL	NULL	語苑3：24	囝仔	語苑三
2131	幸哉有人牽成，今仔日（非今日之意）即有可來此處，	NULL	NULL	語苑3：24-5	周文	語苑三
2132	又頭家比平時所聽的，尚更較識事理的人，實在真幸哉，	NULL	NULL	語苑3：25	周文	語苑三
2133	親像咱這，無甚才情，又更妻子在掛累咱，	NULL	NULL	語苑3：25	周文	語苑三
2134	此擔頭實在真重，今在此，總著認真做頭路，不拘彼妻子，	NULL	NULL	語苑3：25	周文	語苑三
2135	此幫不知按怎樣，打算敢被彼個老歹貓各日在糟撻苦毒，	NULL	NULL	語苑3：25	周文	語苑三
2136	嗚，實在是冤讎真重的母子。	NULL	NULL	語苑3：25	周文	語苑三
2137	幸哉先生汝來，今我彼個家後，都各日較好，厝內的人，	NULL	NULL	語苑3：25	劉福	語苑三
2138	各個即安心，實在此幫，若無請先生汝來，的確能無性命。	NULL	NULL	語苑3：25	劉福	語苑三
2139	豈敢，算亦不是我的氣力，總是初初來看得時，我亦真煩惱	NULL	NULL	語苑3：25	林添貴	語苑三
2140	Ｅ不是如此講，攏總都是先生致蔭的，即有可如此，	NULL	NULL	語苑3：26	劉福	語苑三
2141	起初被別個先生看得時候，一日一日沈重，連少些應效都無	NULL	NULL	語苑3：26	劉福	語苑三
2142	彼時我真煩惱，驚了不知能怎樣，即趕緊通知親成朋友。	NULL	NULL	語苑3：26	劉福	語苑三
2143	今打算無要緊咯，總是此幾日，所食的物，著較細膩咧。	NULL	NULL	語苑3：26	林添貴	語苑三
2144	好好，真多謝多謝，今較順行咧。	NULL	NULL	語苑3：26	劉福	語苑三
2145	周文，汝識彼個先生否。	NULL	NULL	語苑3：26	劉福	語苑三
2146	平時我都不識伊，昨昏聽見尤虎講，講伊真高Ｆ。	NULL	NULL	語苑3：26	周文	語苑三
2147	實在真能，一回我彼個牽手的病，不管被何一個先生看，	NULL	NULL	語苑3：26-7	劉福	語苑三
2148	攏無彩工，我一時亦已經看破，適適有人在講此個先生，	NULL	NULL	語苑3：27	劉福	語苑三
2149	自早去內地學真久，此幫即返來，講醫法真精，	NULL	NULL	語苑3：27	劉福	語苑三
2150	我即想講來去請伊來看，一下請伊來，Ｅ，	NULL	NULL	語苑3：27	劉福	語苑三
2151	在看病人的法度與別個先生全然無相同，要照阮牽手講的，	NULL	NULL	語苑3：27	劉福	語苑三
2152	一下食伊的藥，恰如隨時病捻起來，又就如此，	NULL	NULL	語苑3：27	劉福	語苑三
2153	身軀就漸漸快活，Ｅ，實在真能。	NULL	NULL	語苑3：27	劉福	語苑三
2154	歟如此，彼真幸哉，今敢免煩惱咯。	NULL	NULL	語苑3：27	周文	語苑三
2155	啊，講話講傷多，內面的事情遂沒記得....	NULL	NULL	語苑3：27	劉福	語苑三
2156	尤虎尚未反來是否，敢又更灣去何ＣＤ咯。	NULL	NULL	語苑3：27	劉福	語苑三
2157	周文兄，我返來咯，真費神汝Ｆ。	NULL	NULL	語苑3：27	尤虎	語苑三
2158	沒啊，汝何彼緊，今不真勞煩汝，彼帳怎樣啊，	NULL	NULL	語苑3：28	周文	語苑三
2159	收有清楚無。	NULL	NULL	語苑3：28	周文	語苑三
2160	無啊，猶原亦是難收，收攏沒得起來。	NULL	NULL	語苑3：28	尤虎	語苑三
2161	歟，今不真疲嘮，今我來記帳，德隆甚麼款。	NULL	NULL	語苑3：28	周文	語苑三
2162	先提七十元來。	NULL	NULL	語苑3：28	尤虎	語苑三
2163	尚元盛怎樣。	NULL	NULL	語苑3：28	周文	語苑三
2164	元盛攏總收咯。	NULL	NULL	語苑3：28	尤虎	語苑三
2165	尚建泰咧。	NULL	NULL	語苑3：28	周文	語苑三
2166	建泰攏總一百三十幾元，伊講Ｇ咱預先提一半。	NULL	NULL	語苑3：28	尤虎	語苑三
2167	嗄，敢無攏總給咱。	NULL	NULL	語苑3：28	周文	語苑三
2168	是Ｆ，即給咱一半而已。	NULL	NULL	語苑3：29	尤虎	語苑三
2169	彼就奇怪，豈有無給咱的情理。	NULL	NULL	語苑3：29	周文	語苑三
2170	汝講了真心適，我現現來到Ｌ厝提，伊即提一半給我而已，	NULL	NULL	語苑3：29	尤虎	語苑三
2171	汝講無彼號情理，汝若疑我，無，汝自己去。	NULL	NULL	語苑3：29	尤虎	語苑三
2172	免彼受氣咯，我是新來的，我何有疑汝，是頭纔仔，	NULL	NULL	語苑3：29	周文	語苑三
2173	建泰的頭家，來覓病的時，有講攏總給汝清楚咯，	NULL	NULL	語苑3：29	周文	語苑三
2174	我此候即有更問汝，若是提一半，無，照如此來記。	NULL	NULL	語苑3：29	周文	語苑三
2175	緩且是緩且是，實在無影無提來，我是要試看汝甚麼心肝，	NULL	NULL	語苑3：29	尤虎	語苑三
2176	即如此講。	NULL	NULL	語苑3：29	尤虎	語苑三
2177	汝真可惡，汝試我試甚事情，汝不但此條不著而已，	NULL	NULL	語苑3：29-30	周文	語苑三
2178	昨日許水泉賒彼三包米，此後一下看帳簿，攏總無記得，	NULL	NULL	語苑3：30	周文	語苑三
2179	我亦不是在疑汝，總是食人頭路的人，若各個親像如此，	NULL	NULL	語苑3：30	周文	語苑三
2180	做糊塗事，來騙頭家的錢，頭家不真訖虧用錢倩辛勞，	NULL	NULL	語苑3：30	周文	語苑三
2181	更來被辛勞偷穿偷挖，恰若飼鳥鼠咬破布袋，較加亦倒店，	NULL	NULL	語苑3：30	周文	語苑三
2182	咱大家一世人來被人使用，亦是沒得出頭天，	NULL	NULL	語苑3：30	周文	語苑三
2183	後日盼望看能得使用別人沒彼時設使咱倩的辛勞，	NULL	NULL	語苑3：30	周文	語苑三
2184	若有做糊塗的事，按怎樣就是與伊Ｎ死，	NULL	NULL	語苑3：30	周文	語苑三
2185	咱心肝抑尚不甘愿，抑不是。	NULL	NULL	語苑3：30	周文	語苑三
2186	著著，實在我有做錯，後回我的確無做此號事，	NULL	NULL	語苑3：30	尤虎	語苑三
2187	望汝手較夯高咧，不可與頭家講。	NULL	NULL	語苑3：30	尤虎	語苑三
2188	我的確無與頭家講，汝免煩惱，總是我是新來的，	NULL	NULL	語苑3：30-31	周文	語苑三
2189	有較插嘴過頭，今汝要聽我講，我真歡喜，實在是，	NULL	NULL	語苑3：31	周文	語苑三
2190	咱將來身上的事情嗎。	NULL	NULL	語苑3：31	周文	語苑三
2191	周文，有緊急的事情，較費神咧，汝此張批，提去給錦成。	NULL	NULL	語苑3：31	劉福	語苑三
2192	好好，我來去。	NULL	NULL	語苑3：31	周文	語苑三
2193	尤虎，汝在此不止久，真認真與我做工課，	NULL	NULL	語苑3：31	劉福	語苑三
2194	此候有少些的事情，卻是有較迫促，就今仔日起，	NULL	NULL	語苑3：31	劉福	語苑三
2195	汝免住此。	NULL	NULL	語苑3：31	劉福	語苑三
2196	甚，到底是甚麼因端。	NULL	NULL	語苑3：31	尤虎	語苑三
2197	自然就是有因端在得，總是勿講較好。	NULL	NULL	語苑3：31	劉福	語苑三
2198	我都全然不知，有甚麼緣故。	NULL	NULL	語苑3：32	尤虎	語苑三
2199	汝亦使佯惷，被我講出來較好聽是否，	NULL	NULL	語苑3：32	劉福	語苑三
2200	被人說多謝講汝盡忠做頭路，汝尚夯Ｊ不知可轉肩，	NULL	NULL	語苑3：32	劉福	語苑三
2201	我從早就知汝此個是歹物，定定在張持汝，看汝頭纔仔，	NULL	NULL	語苑3：32	劉福	語苑三
2202	對周文求甚麼事，彼條因端講來閣按怎樣呢。	NULL	NULL	語苑3：32	劉福	語苑三
2203	既然汝有聽見，汝都總知咯，今亦無法度，實在我有做錯。	NULL	NULL	語苑3：32	尤虎	語苑三
2204	汝若聽能曉得，汝隨時與我出去。	NULL	NULL	語苑3：32	劉福	語苑三
2205	我在汝此，被汝牽成真久，今做此號錯事，對汝真沒得過，	NULL	NULL	語苑3：32	尤虎	語苑三
2206	就此候要與汝相辭，今我要與頭家娘說勞力咧。	NULL	NULL	語苑3：32	尤虎	語苑三
2207	不免如此。	NULL	NULL	語苑3：32	劉福	語苑三
2208	今汝請Ｆ。	NULL	NULL	語苑3：33	尤虎	語苑三
2209	使Ｌ老母，衰到脫頭毛，彼箍周文，新新即來的，	NULL	NULL	語苑3：33	尤虎	語苑三
2210	伊亦假策猴，要教示我，害乃父頭路遂脫去，彼辦查脯子，	NULL	NULL	語苑3：33	尤虎	語苑三
2211	將Ｌ妻Ｇ去做藝姐，尚且想要教示人，蓋不知可羞恥，	NULL	NULL	語苑3：33	尤虎	語苑三
2212	若要講情理，又沒與伊計較得，啊，有影有影，有咯有咯，	NULL	NULL	語苑3：33	尤虎	語苑三
2213	汝即與乃父看覓咧。	NULL	NULL	語苑3：33	尤虎	語苑三
2214	阿媽，腹肚飢到，阮要食甚。	NULL	NULL	語苑3：35	罔市	語苑三
2215	甚，腹肚飢咯，在此路裡敢如此講，此個查某鬼仔....	NULL	NULL	語苑3：35	陳氏Ｂ	語苑三
2216	更行一點仔久，就有點心店，若來去彼，即買給汝食，	NULL	NULL	語苑3：35	NULL	語苑三
2217	較緊行咧....不可咬指頭仔，歹看。	NULL	NULL	語苑3：35	NULL	語苑三
2218	入來坐Ｆ，請坐請坐，汝要食甚貨。	NULL	NULL	語苑3：35	有土	語苑三
2219	米粉創一碗給此個查某鬼仔食。	NULL	NULL	語苑3：35	陳氏Ｂ	語苑三
2220	好好，我創，又汝要食甚。	NULL	NULL	語苑3：35	有土	語苑三
2221	米粉一碗幾錢。	NULL	NULL	語苑3：35	陳氏Ｂ	語苑三
2222	一碗二錢。	NULL	NULL	語苑3：35	有土	語苑三
2223	二錢....彼呢貴食亦能落得去，一碗著好，湯著創較多咧。	NULL	NULL	語苑3：35-6	陳氏Ｂ	語苑三
2224	好好，汝此個真凍霜。	NULL	NULL	語苑3：36	有土	語苑三
2225	講甚。	NULL	NULL	語苑3：36	陳氏Ｂ	語苑三
2226	汝此獃，此碗攏給伊食，擋那能住Ｆ，給伊食彼多，	NULL	NULL	語苑3：36	陳氏Ｂ	語苑三
2227	腹肚若痛，要按怎，較停此湯給伊食，並傷多....罔市啊，	NULL	NULL	語苑3：36	陳氏Ｂ	語苑三
2228	汝且等咧，我食剩的給汝食。	NULL	NULL	語苑3：36	陳氏Ｂ	語苑三
2229	ＨＩ仔，汝真歹款，人在食物，汝亦咬指頭仔，在看人食。	NULL	NULL	語苑3：36	陳氏Ｂ	語苑三
2230	啊，痛到。	NULL	NULL	語苑3：37	罔市	語苑三
2231	死查某鬼仔，汝泣要死是否，泣到嫌死人，	NULL	NULL	語苑3：37	陳氏Ｂ	語苑三
2232	如此食那能落去....今給汝食。	NULL	NULL	語苑3：37	NULL	語苑三
2233	阿媽，攏是湯了了。	NULL	NULL	語苑3：37	罔市	語苑三
2234	嫌湯傷好是否，汝不可如此蘇，緊食食給伊了。	NULL	NULL	語苑3：37	陳氏Ｂ	語苑三
2235	啊，今著慘咯，此個死鬼仔，遂放尿，污穢鬼污穢鬼。	NULL	NULL	語苑3：37	陳氏Ｂ	語苑三
2236	姆阿，此如幼的囝仔，沒曉得半項，汝怎樣苦毒伊。	NULL	NULL	語苑3：38	周文	語苑三
2237	阿爸。	NULL	NULL	語苑3：38	罔市	語苑三
2238	嗚，周文是否....甚，汝講我苦毒伊，何時苦毒伊。	NULL	NULL	語苑3：38	陳氏Ｂ	語苑三
2239	我此候對此經過，聽見囝仔在泣的聲，想了真奇怪，	NULL	NULL	語苑3：38	周文	語苑三
2240	一下停腳住彼看，我都攏知了了咯，豈干乾罔市而已，	NULL	NULL	語苑3：38	周文	語苑三
2241	連幼嬰仔，汝亦與伊濫滲打，汝實在心肝真雄，	NULL	NULL	語苑3：38	周文	語苑三
2242	囝仔的頭殼，是第一要緊，若打著不適好，汝要按怎樣。	NULL	NULL	語苑3：38	周文	語苑三
2243	甚，汝真賢排情理，囝仔較歹，汝不抬起來講，	NULL	NULL	語苑3：39	陳氏Ｂ	語苑三
2244	顛倒嫌我不著，若到如此，都沒使得教示囝仔咯，	NULL	NULL	語苑3：39	陳氏Ｂ	語苑三
2245	為著要教示囝仔，少些打伊的頭殼，豈有甚麼事是否。	NULL	NULL	語苑3：39	陳氏Ｂ	語苑三
2246	若要與伊教示，就是免打頭殼，別位亦有可打，	NULL	NULL	語苑3：39	周文	語苑三
2247	親像彼號食乳囝仔，要按怎能教示得。	NULL	NULL	語苑3：39	周文	語苑三
2248	啍如此Ｆ....如此我真不著....今我著與汝會不是，	NULL	NULL	語苑3：39	陳氏Ｂ	語苑三
2249	今汝較量情咧，總是汝此金子，就今仔日起，	NULL	NULL	語苑3：39	陳氏Ｂ	語苑三
2250	我不敢與汝看顧，我平時要用的零碎錢，汝亦無甚給我，	NULL	NULL	語苑3：39	陳氏Ｂ	語苑三
2251	一下與汝教示囝仔，被汝嫌東嫌西，此號頭路，	NULL	NULL	語苑3：39	陳氏Ｂ	語苑三
2252	實在真沒行得，今，此二個囝仔鬼，與我抱去。	NULL	NULL	語苑3：39	陳氏Ｂ	語苑三
2253	如此沒用得，我此候頭家有事情，要去別位....	NULL	NULL	語苑3：40	周文	語苑三
2254	我頭纔仔講如此，若不中汝聽，我的確與汝會不是，	NULL	NULL	語苑3：40	周文	語苑三
2255	望汝照從前，與我照顧咧，此候汝若強強Ｇ我著抱返去，	NULL	NULL	語苑3：40	周文	語苑三
2256	我實在真為難。	NULL	NULL	語苑3：40	周文	語苑三
2257	沒用得沒用得，汝此金枝玉葉的子，連少些教示都沒使得，	NULL	NULL	語苑3：40	陳氏Ｂ	語苑三
2258	我今無思懷咯，我那有性命，可等到汝此號不掌志，	NULL	NULL	語苑3：40	陳氏Ｂ	語苑三
2259	日後出頭天，今仔日真適好，此囝仔若還汝，	NULL	NULL	語苑3：40	陳氏Ｂ	語苑三
2260	我亦可來去阮查某子彼，與伊快活一世人，啊，真好，	NULL	NULL	語苑3：40	陳氏Ｂ	語苑三
2261	恰若脫一面重Ｏ咧。	NULL	NULL	語苑3：40	陳氏Ｂ	語苑三
2262	姆仔，我與汝會不著，我今不著未是，汝較量情咧，	NULL	NULL	語苑3：40-1	周文	語苑三
2263	今仔日更給我Ａ去，現時我的境遇，汝都所知，	NULL	NULL	語苑3：41	周文	語苑三
2264	我頭纔仔在路裡，聽見人在講，此次打生蕃，	NULL	NULL	語苑3：41	周文	語苑三
2265	講要招壯丁去，若果然如此，我是壯丁，	NULL	NULL	語苑3：41	周文	語苑三
2266	打算無去敢沒用得，我想來想去，想了攏無法度，	NULL	NULL	語苑3：41	周文	語苑三
2267	總望汝較寬量，聽我講咧，汝若更較怎樣，亦講沒用得，	NULL	NULL	語苑3：41	周文	語苑三
2268	汝且寬限我幾日仔，彼時我即來抱，此幾日內，	NULL	NULL	語苑3：41	周文	語苑三
2269	汝較相帶著咧。	NULL	NULL	語苑3：41	周文	語苑三
2270	嚄，汝起頭都展到彼大空，今遂縮去咯，	NULL	NULL	語苑3：41	陳氏Ｂ	語苑三
2271	親像汝此辨無定見的查脯仔，我想了都嫌Ｆ，	NULL	NULL	語苑3：41	陳氏Ｂ	語苑三
2272	講到打生蕃此條，更較免講，汝若去打生蕃，	NULL	NULL	語苑3：41	陳氏Ｂ	語苑三
2273	被蕃仔Ｎ頭去，亦是汝的事情，總是創此囝仔，	NULL	NULL	語苑3：41-2	陳氏Ｂ	語苑三
2274	來與我纏纏絆絆，我的性命，的確能被伊收拾去，	NULL	NULL	語苑3：42	陳氏Ｂ	語苑三
2275	更無若久，雲嬌彼條，要創給伊好勢，若如此，	NULL	NULL	語苑3：42	陳氏Ｂ	語苑三
2276	我快活恰若仙咧，我那彼戇，為著汝，來受苦六痛，	NULL	NULL	語苑3：42	陳氏Ｂ	語苑三
2277	汝勿泣窮泣苦，趕緊抱抱去。	NULL	NULL	語苑3：42	陳氏Ｂ	語苑三
2278	與汝求到此款，汝尚不聽，今亦無法度咯，汝實在真狡怪。	NULL	NULL	語苑3：42	周文	語苑三
2279	狡怪不狡怪，我攏不知汝了了，此擔重擔，放能得脫去，	NULL	NULL	語苑3：42	陳氏Ｂ	語苑三
2280	蓋好，今更住此亦無路用，來去來去。	NULL	NULL	語苑3：42	陳氏Ｂ	語苑三
2281	姆仔，細膩Ｆ。	NULL	NULL	語苑3：42	周文	語苑三
2282	無汝的事，免汝煩惱，噯喲，險險跌死。	NULL	NULL	語苑3：43	陳氏Ｂ	語苑三
2283	Ｌ娘鬼，彼個老貍，食了做伊走去。	NULL	NULL	語苑3：43	有土	語苑三
2284	此個甚麼兄，錢我即給汝，汝且等咧。	NULL	NULL	語苑3：43	周文	語苑三
2285	無咯，那有對汝提的情理。	NULL	NULL	語苑3：43	有土	語苑三
2286	不是如此講，伊是我的序大人，我應該著給汝。	NULL	NULL	語苑3：43	周文	語苑三
2287	Ｅ，汝實在真可取，我自頭纔仔，聽恁二個在講，	NULL	NULL	語苑3：43	有土	語苑三
2288	詳細卻是不知，總是彼個老嫖，實在真可惡，	NULL	NULL	語苑3：43	有土	語苑三
2289	雖然無我的事，我看了亦代汝沒做得，實在彼號老嫖，	NULL	NULL	語苑3：43	有土	語苑三
2290	無躂一下給伊倒落去，真不甘愿，汝又較細聲說，	NULL	NULL	語苑3：43-4	有土	語苑三
2291	與伊在講，有尊伊是序大人汝實在性情真好，我真拜服汝。	NULL	NULL	語苑3：44	有土	語苑三
2292	豈敢，講來講去攏是我較不著....啊罔市幾日仔無看見汝，	NULL	NULL	語苑3：44	周文	語苑三
2293	汝瘦到如此，真無捨世....今與阿爸做陣，汝免煩惱，	NULL	NULL	語苑3：44	周文	語苑三
2294	汝腹肚能饑沒....賣米粉的，米粉創一個來。	NULL	NULL	語苑3：44	周文	語苑三
2295	好好，我創。	NULL	NULL	語苑3：44	有土	語苑三
2296	查某嬰仔，食米粉Ｆ。	NULL	NULL	語苑3：44	有土	語苑三
2297	阿爸，可攏與伊捧否。	NULL	NULL	語苑3：44	罔市	語苑三
2298	可亦不可，徐徐仔食....賣米粉的，攏總著若多錢。	NULL	NULL	語苑3：44	周文	語苑三
2299	免啊，免提錢。	NULL	NULL	語苑3：45	有土	語苑三
2300	食汝的米粉，無提錢何能用得。	NULL	NULL	語苑3：45	周文	語苑三
2301	是嘮，總是在此處，無一個不識我此個有土，	NULL	NULL	語苑3：45	有土	語苑三
2302	我若看人艱苦的事情，我此個性癖，不知怎樣，	NULL	NULL	語苑3：45	有土	語苑三
2303	各回無與伊鬥相助，攏沒用得，咱此號不黨人，	NULL	NULL	語苑3：45	有土	語苑三
2304	卻亦無氣力，做沒得到，總是頭纔仔，	NULL	NULL	語苑3：45	有土	語苑三
2305	聽見恁二個母子在講，恁二個的事情，內中看見不止紛，	NULL	NULL	語苑3：45	有土	語苑三
2306	又更汝近日講著去打生蕃，此條因端，從頭起理，	NULL	NULL	語苑3：45	有土	語苑三
2307	汝若講我聽，我所做能得到，我的確與汝相鬥助。	NULL	NULL	語苑3：45	有土	語苑三
2308	真勞力，汝與我算是初相逢的，汝看我此條事情，	NULL	NULL	語苑3：45	周文	語苑三
2309	亦代我掛意到如此，實在真感謝，	NULL	NULL	語苑3：45-6	周文	語苑三
2310	今仔日更較講亦是我自己不中用，即能如此艱苦....	NULL	NULL	語苑3：46	周文	語苑三
2311	實在我人汝說，我是本成去被Ｌ招的，我與阮牽手雲嬌，	NULL	NULL	語苑3：46	周文	語苑三
2312	已經生此二個囝仔，阮丈姆此個人，一個性情真歹，	NULL	NULL	語苑3：46	周文	語苑三
2313	一萬項的所費，都比別人較重，實在我的氣力，	NULL	NULL	語苑3：46	周文	語苑三
2314	擔領伊無法得，伊就將阮牽手，強強Ｇ伊做藝姐，	NULL	NULL	語苑3：46	周文	語苑三
2315	將我逐出來外面，伊自己即來夯團扇，各日奢華過日，	NULL	NULL	語苑3：46	周文	語苑三
2316	算來我與伊是丈姆子婿，實在亦無法度，	NULL	NULL	語苑3：46	周文	語苑三
2317	我即與阮牽手參商，將此二個子，寄別人飼，	NULL	NULL	語苑3：46	周文	語苑三
2318	我可來去做甚麼頭路，到路尾為著少些緣故，遂寄阮丈姆，	NULL	NULL	語苑3：46	周文	語苑三
2319	彼時我即去被別人倩，今仔日頭家有事情，適適來到此，	NULL	NULL	語苑3：46	周文	語苑三
2320	遇著如此，實在家內事，羞恥到不好講....	NULL	NULL	語苑3：46-7	周文	語苑三
2321	總是我一身就是較艱苦咧，亦能吞忍得....第一煩惱的事情，	NULL	NULL	語苑3：47	周文	語苑三
2322	就是打生蕃此條，此二個囝仔，強強Ｇ我抱返來，	NULL	NULL	語苑3：47	周文	語苑三
2323	設使今仔日抑是明仔早，官人若要召我去，彼時看要怎樣，	NULL	NULL	語苑3：47	周文	語苑三
2324	總是較勞煩咧，若有人要被寄飼，汝即與我講。	NULL	NULL	語苑3：47	周文	語苑三
2325	好好，我隨時來去問，問若是有，我的確與汝鬥發落....	NULL	NULL	語苑3：47	有土	語苑三
2326	此條我既然聽汝講咯，後次亦愛要與汝參商，汝住在何位，	NULL	NULL	語苑3：47	有土	語苑三
2327	汝與我講。	NULL	NULL	語苑3：47	有土	語苑三
2328	真多謝，我是住在舊街，較不成所在，總是拜托汝未是....	NULL	NULL	語苑3：47	周文	語苑三
2329	今不攪搔汝真久咯....罔市啊，來去嗚。	NULL	NULL	語苑3：47	周文	語苑三
2330	周文啊，報答汝頭纔仔彼條咯。	NULL	NULL	語苑3：48	尤虎	語苑三
2331	周文兄，緩緩仔行。	NULL	NULL	語苑3：48	有土	語苑三
2332	好好真多謝。	NULL	NULL	語苑3：48	周文	語苑三
2333	對面就是鶯春樓，當此陽春的時，比呢鬧熱，實在真盛....	NULL	NULL	語苑3：49-50	林添貴	語苑三
2334	今春已經到咯，今仔日我雖是有可富貴過日，	NULL	NULL	語苑3：50	林添貴	語苑三
2335	嗚（嘆息之狀），書裡在講，樹欲靜而風不息，	NULL	NULL	語苑3：50	林添貴	語苑三
2336	子欲養而親不在，想要有孝，父母已經無咯，我細漢的時，	NULL	NULL	語苑3：50	林添貴	語苑三
2337	聽見序大人講，有一個小妹，此候全然不知去向，	NULL	NULL	語苑3：50	林添貴	語苑三
2338	無處可尋，自己一身雖然有可快活，總是此條事情，	NULL	NULL	語苑3：50	林添貴	語苑三
2339	不時都騷煩扒腹，看著別人的兄弟姊妹，彼呢和好，	NULL	NULL	語苑3：50	林添貴	語苑三
2340	就想起此條，雖然春天好景，不時定定掛念在心，嗚，	NULL	NULL	語苑3：50	林添貴	語苑三
2341	實在真煩惱....今不想咯不想咯，更較想亦無法度，	NULL	NULL	語苑3：50	林添貴	語苑三
2342	干乾心肝真艱苦，實在真戇，如此著如此著。	NULL	NULL	語苑3：50	林添貴	語苑三
2343	先生，汝要去何位。	NULL	NULL	語苑3：51	劉福	語苑三
2344	劉福兄，近來敢不止無閑Ｆ，我出來行耍想要來去尋朋友，	NULL	NULL	語苑3：51	林添貴	語苑三
2345	尚汝要去何位....。	NULL	NULL	語苑3：51	林添貴	語苑三
2346	猶原真無閑，此候有生理的事情，要來去此處仔....有影，	NULL	NULL	語苑3：51	劉福	語苑三
2347	頂日我的查某人，破病的時，受汝真照蔭，	NULL	NULL	語苑3：51	劉福	語苑三
2348	應該著趕緊與汝說謝，破病一下好，為著此事彼事，	NULL	NULL	語苑3：51	劉福	語苑三
2349	延緩到此候，對汝真不住。	NULL	NULL	語苑3：51	劉福	語苑三
2350	豈敢....近日若有閑，即來ＣＤ。	NULL	NULL	語苑3：51	林添貴	語苑三
2351	多謝，此二日內，我的確要來去與汝說勞力，	NULL	NULL	語苑3：51	劉福	語苑三
2352	先生汝若有閑，即來奉茶咧....。	NULL	NULL	語苑3：51	劉福	語苑三
2353	好好，近日即來去拜候汝....今較失禮。	NULL	NULL	語苑3：51	林添貴	語苑三
2354	汝請汝請。	NULL	NULL	語苑3：51	劉福	語苑三
2355	姊夫....此幫真久無去汝彼，真不住，厝裡大家彼人，	NULL	NULL	語苑3：52	裴源	語苑三
2356	敢平安Ｆ。	NULL	NULL	語苑3：52	裴源	語苑三
2357	托福，不止平安，尚汝敢不止勇健Ｆ....今仔日汝要何去。	NULL	NULL	語苑3：52	劉福	語苑三
2358	無，卻無甚麼事情....。	NULL	NULL	語苑3：52	裴源	語苑三
2359	汝不可傷風騷嗚....此幫我聽人講，汝實在真不著，	NULL	NULL	語苑3：52	劉福	語苑三
2360	汝本成不管大事小事，各次都來與我參商，	NULL	NULL	語苑3：52	劉福	語苑三
2361	恁姊夫雖然較無路用，各次都代汝打算斟酌，	NULL	NULL	語苑3：52	劉福	語苑三
2362	汝近來遂攏無行腳到，我想了真奇怪，就與汝探聽覷咧，	NULL	NULL	語苑3：52	劉福	語苑三
2363	若要照人所講，汝田心仔庄彼二甲的田，已經賣給別人咯，	NULL	NULL	語苑3：52-3	劉福	語苑三
2364	若到如此，我放恬恬亦是沒做得，想一次的確要開破給汝聽，	NULL	NULL	語苑3：53	劉福	語苑三
2365	因為生理的事情，無一時閑，尚無若久，恁大姊遂破病，	NULL	NULL	語苑3：53	劉福	語苑三
2366	真歹字運，彼個病又是真歹病，若無十二分照顧，	NULL	NULL	語苑3：53	劉福	語苑三
2367	一條性命就收拾去，我彼當時，趕緊即通知汝，	NULL	NULL	語苑3：53	劉福	語苑三
2368	汝不知甚款，恁大姊破病彼臨急，攏無來看....有影，	NULL	NULL	語苑3：53	劉福	語苑三
2369	我有聽人講，汝所想的所在，就是此間Ｆ「指鶯春樓」....	NULL	NULL	語苑3：53	劉福	語苑三
2370	汝著少些想咧，家伙更較多，若無準節，濫滲花費，	NULL	NULL	語苑3：53	劉福	語苑三
2371	要了是一點仔久，彼時人的心肝，實在沒料得，	NULL	NULL	語苑3：53	劉福	語苑三
2372	雖然心肝無打算按怎樣，不知不覺，遂做歹事，若到如此，	NULL	NULL	語苑3：53	劉福	語苑三
2373	一身就棄拋去咯....此處是路頭，我亦不講傷多，	NULL	NULL	語苑3：53-4	劉福	語苑三
2374	總是風花的事，的確著息。	NULL	NULL	語苑3：54	劉福	語苑三
2375	姊夫，汝受氣我，卻有情理，	NULL	NULL	語苑3：54	裴源	語苑三
2376	總是我亦不是人所謠彼呢大戇....今已經反悔收善咯，	NULL	NULL	語苑3：54	裴源	語苑三
2377	近來全然無去風騷ＣＤ....。	NULL	NULL	語苑3：54	裴源	語苑三
2378	汝強強爭無，實在真戇，算來汝是用自己的錢，	NULL	NULL	語苑3：54	劉福	語苑三
2379	何使與人會不著....我是好意，即有與汝如此講....頭纔仔，	NULL	NULL	語苑3：54	劉福	語苑三
2380	與我相借問，彼個林添貴，汝與伊看咧，彼呢少年，	NULL	NULL	語苑3：54	劉福	語苑三
2381	看伊的行動舉趾，各項都老成，實在真能被人拜服得，	NULL	NULL	語苑3：54	劉福	語苑三
2382	汝是財產亦有，又更學問有淡薄仔，汝亦少些與伊學咧....	NULL	NULL	語苑3：54	劉福	語苑三
2383	今仔日我有趕緊事情，更一半日，汝的確來我彼。	NULL	NULL	語苑3：54	劉福	語苑三
2384	好好....汝即與阮姊仔請安。	NULL	NULL	語苑3：54	裴源	語苑三
2385	好，今汝請。	NULL	NULL	語苑3：55	劉福	語苑三
2386	團長，我自頭纔仔，彼呢大聲在Ｇ汝，汝無聽見是否。	NULL	NULL	語苑3：55	尤虎	語苑三
2387	有亦無聽見，頭纔仔聽見過的事情，真艱苦。	NULL	NULL	語苑3：55	裴源	語苑三
2388	歟，我知咯我知咯，汝遇著益昌的頭家Ｆ。	NULL	NULL	語苑3：55	尤虎	語苑三
2389	是都著，汝豈能知。	NULL	NULL	語苑3：56	裴源	語苑三
2390	我頭纔仔有少些看見，打算今著慘咯，即彎對邊路，	NULL	NULL	語苑3：56	尤虎	語苑三
2391	趕緊走來。	NULL	NULL	語苑3：56	尤虎	語苑三
2392	看彼款，阮姊夫，我的空仔隙，各項攏知了了咯。	NULL	NULL	語苑3：56	裴源	語苑三
2393	如此，事到如此，人在講，水潑落土難得收，若到被伊罵，	NULL	NULL	語苑3：56	尤虎	語苑三
2394	不知強做看能得成沒。	NULL	NULL	語苑3：56	尤虎	語苑三
2395	汝不可一直使弄我，就是免如此，我自己已經知，	NULL	NULL	語苑3：56	裴源	語苑三
2396	熱了傷過頭咯。	NULL	NULL	語苑3：56	裴源	語苑三
2397	汝講了真奇巧，今免講彼，到底雲嬌有夫汝知否。	NULL	NULL	語苑3：56	尤虎	語苑三
2398	講三八話，伊何有夫，雲嬌頂日在與我講，	NULL	NULL	語苑3：56	裴源	語苑三
2399	講我家內的事情，全然不識，若被汝娶去，顛倒煩惱。	NULL	NULL	語苑3：56-7	裴源	語苑三
2400	所以汝心肝著捉給伊定，汝亦所知，	NULL	NULL	語苑3：57	尤虎	語苑三
2401	我本成被益昌使用真久....恁姊夫彼店裡，	NULL	NULL	語苑3：57	尤虎	語苑三
2402	有倩一個Ｇ做周文，彼個周文，就是雲嬌的夫，	NULL	NULL	語苑3：57	尤虎	語苑三
2403	這是周文親嘴與我講的，此條是實實在在，	NULL	NULL	語苑3：57	尤虎	語苑三
2404	我因為被周文陷害，遂脫頭路，此個恨，心肝真沒消得，	NULL	NULL	語苑3：57	尤虎	語苑三
2405	我想要與汝鬥腳手，強強捉此個雲嬌，來報答彼個周文。	NULL	NULL	語苑3：57	尤虎	語苑三
2406	有影無....使Ｌ老母，此個破婊，做事情真陰琛，	NULL	NULL	語苑3：57	裴源	語苑三
2407	連我亦被伊騙去....好好，就今仔日起，的確要與伊勝負，	NULL	NULL	語苑3：57	裴源	語苑三
2408	尤虎，汝著較認真咧，與我鬥相助。	NULL	NULL	語苑3：57-8	裴源	語苑三
2409	源仔舍，彼呢迫促，顛倒能打破事....第一要緊，	NULL	NULL	語苑3：58	尤虎	語苑三
2410	著用錢來買囑彼個老婊，尚即用計智，	NULL	NULL	語苑3：58	NULL	語苑三
2411	創給周文與雲嬌離開，親像用軟繩仔，	NULL	NULL	語苑3：58	NULL	語苑三
2412	著著仔來與伊推頭筋，即有彩工。	NULL	NULL	語苑3：58	NULL	語苑三
2413	不錯不錯，謀事著較機密即好....。	NULL	NULL	語苑3：58	裴源	語苑三
2414	呵，害乃父驚一下....是玉蘭是否，不可傷戲Ｐ。	NULL	NULL	語苑3：58	裴源	語苑三
2415	源仔舍，恁二個在講細聲話，攏被我偷聽了了咯。	NULL	NULL	語苑3：58	玉蘭	語苑三
2416	甚，汝偷聽是否。	NULL	NULL	語苑3：59	尤虎	語苑三
2417	是咧，攏被我聽了了咯。	NULL	NULL	語苑3：59	玉蘭	語苑三
2418	汝聽見甚麼話。	NULL	NULL	語苑3：59	裴源	語苑三
2419	我聽恁講，講汝另外有一個相好的，講要怎樣仔，	NULL	NULL	語苑3：59	玉蘭	語苑三
2420	創給雲嬌泣....。	NULL	NULL	語苑3：59	玉蘭	語苑三
2421	三八，濫滲講....今來去Ｆ。	NULL	NULL	語苑3：59	裴源	語苑三
2422	來去來去。	NULL	NULL	語苑3：59	尤虎	語苑三
2423	啊，此幫日真長，團長熱到無夜無日，看彼款，	NULL	NULL	語苑3：59	和尚	語苑三
2424	雲嬌的空隙，伊尚不知，實在真戇豬哥....著著閑話免講，	NULL	NULL	語苑3：59	和尚	語苑三
2425	此戇大豬在行踏的所在，來與伊掃掃咧。	NULL	NULL	語苑3：59-60	和尚	語苑三
2426	甚麼叔，此個是汝的是否....。	NULL	NULL	語苑3：60	罔市	語苑三
2427	唉，這是我的閣，此個查某鬼仔，怎樣與我偷提去。	NULL	NULL	語苑3：60	和尚	語苑三
2428	我都是拾的，即有問汝。	NULL	NULL	語苑3：60	罔市	語苑三
2429	甚，汝拾著的....誰人彼戇，錢袋仔要拋棄去，	NULL	NULL	語苑3：60	和尚	語苑三
2430	的確是偷提的，來去見警察。	NULL	NULL	語苑3：60	和尚	語苑三
2431	甚麼叔，較量情咧....我實在都是拾的。汝尚要更爭是否。	NULL	NULL	語苑3：60	罔市	語苑三
2432	和尚兄，細漢查某囝仔，汝何可如此。	NULL	NULL	語苑3：61	雲嬌	語苑三
2433	阿娘乜....。	NULL	NULL	語苑3：61	罔市	語苑三
2434	不知何位的查某囝仔，如此小漢，敢偷提人的物，	NULL	NULL	語苑3：61	雲嬌	語苑三
2435	實在真大膽，恁父母若知，要泣到按怎樣。	NULL	NULL	語苑3：61	雲嬌	語苑三
2436	無影嘮，我不是偷提的，頭纔仔對此過，看見拾著，	NULL	NULL	語苑3：61	罔市	語苑三
2437	我即問伊是伊的抑不是。	NULL	NULL	語苑3：61	罔市	語苑三
2438	戲言戲言，此個賊仔....真賢爭嘴。	NULL	NULL	語苑3：61	和尚	語苑三
2439	且等咧，和尚兄，此個查某囝仔，錢袋仔有提出來問汝無。	NULL	NULL	語苑3：61	雲嬌	語苑三
2440	有咧。	NULL	NULL	語苑3：62	和尚	語苑三
2441	若到如此，汝講伊是賊仔，汝較不著，囝仔若果然是偷提，	NULL	NULL	語苑3：62	雲嬌	語苑三
2442	伊的確無汝看，頭纔仔伊若有給汝看，實在敢是拾著的，	NULL	NULL	語苑3：62	雲嬌	語苑三
2443	總是錢袋仔內，汝查看覷咧，伊若無偷提汝，即量情伊。	NULL	NULL	語苑3：62	雲嬌	語苑三
2444	如此，無我查看咧....有有，錢攏在得，無打不見半文。	NULL	NULL	語苑3：62	和尚	語苑三
2445	實在是汝較無情理。	NULL	NULL	語苑3：62	雲嬌	語苑三
2446	是是，敢是....。	NULL	NULL	語苑3：62	和尚	語苑三
2447	是亦不是....今無要緊，汝入去內面。	NULL	NULL	語苑3：62	雲嬌	語苑三
2448	好好，我入來去。	NULL	NULL	語苑3：62	和尚	語苑三
2449	罔市，且等咧....。	NULL	NULL	語苑3：63	雲嬌	語苑三
2450	阿姆，有甚麼事情。	NULL	NULL	語苑3：63	罔市	語苑三
2451	今無半人在此在聽，汝也使Ｇ我阿姆....汝此幫怎樣，	NULL	NULL	語苑3：63	雲嬌	語苑三
2452	消瘦落肉，變到不成囝仔，汝有親生的母，	NULL	NULL	語苑3：63	雲嬌	語苑三
2453	今仔日不知作甚麼歹積德，來給汝艱苦到如此....	NULL	NULL	語苑3：63	雲嬌	語苑三
2454	實在想了都不甘....我有要問的事情，汝來此處....	NULL	NULL	語苑3：63	雲嬌	語苑三
2455	尚汝今仔日是去何位。	NULL	NULL	語苑3：63	雲嬌	語苑三
2456	阿爸有事情，Ｇ我提批去米店....我若無緊返去，	NULL	NULL	語苑3：63	罔市	語苑三
2457	能被阿爸罵，我後日即更來，Ｆ，阿姆。	NULL	NULL	語苑3：63	罔市	語苑三
2458	嗚，汝此個查某囝仔....人講子不知父母的心肝，	NULL	NULL	語苑3：63	雲嬌	語苑三
2459	實在有影，汝亦少些思念著恁老母咧....汝的事情，恁老母，	NULL	NULL	語苑3：63-4	雲嬌	語苑三
2460	不時都心心念念，掛在心肝頭嗚....如此汝尚Ｇ我阿姆....。	NULL	NULL	語苑3：64	NULL	語苑三
2461	汝此候豈不是阿姆。	NULL	NULL	語苑3：64	罔市	語苑三
2462	此個戇查某囝仔，濫滲講，本成亦是汝的老母，	NULL	NULL	語苑3：64	雲嬌	語苑三
2463	此候亦是汝的老母，到底是誰人教汝如此講....。	NULL	NULL	語苑3：64	雲嬌	語苑三
2464	阿爸教我。	NULL	NULL	語苑3：64	罔市	語苑三
2465	彼，敢是汝聽不著嗚，阿爸較久亦是汝的阿爸....	NULL	NULL	語苑3：64	雲嬌	語苑三
2466	阿娘較久亦是汝的阿娘。	NULL	NULL	語苑3：64	雲嬌	語苑三
2467	不是如此，阮阿爸在講，本成的阿娘，今就是別人咯。	NULL	NULL	語苑3：64	罔市	語苑三
2468	若是如此，頭纔仔汝Ｇ我阿姆，彼就是恁爸教汝Ｇ的是否....	NULL	NULL	語苑3：64	雲嬌	語苑三
2469	是吶。	NULL	NULL	語苑3：65	罔市	語苑三
2470	嗚，實在真不值，不知誰人創空要害咱，	NULL	NULL	語苑3：65	雲嬌	語苑三
2471	總是恁老父連汝亦與汝講到如此咯，雖然是無影無跡的事，	NULL	NULL	語苑3：65	雲嬌	語苑三
2472	打算伊敢不止氣Ｆ，親像頂日恁彼個阿媽，為著少些事情，	NULL	NULL	語苑3：65	雲嬌	語苑三
2473	與阮相格，連鞭要Ａ恁去，又連鞭不....實在被伊變弄真過頭，	NULL	NULL	語苑3：65	雲嬌	語苑三
2474	我更較久都不甘愿在心，總是彼幫，汝亦十分受苦，	NULL	NULL	語苑3：65	雲嬌	語苑三
2475	在我想一次的確要來與恁講講咧，不拘干乾在想而已，	NULL	NULL	語苑3：65	雲嬌	語苑三
2476	遂無可講....到底汝有聽見誰人講怎樣....。	NULL	NULL	語苑3：65	雲嬌	語苑三
2477	有亦無，頂幫阿媽受氣，將我Ａ給阿爸的時，	NULL	NULL	語苑3：65	罔市	語苑三
2478	阿媽有如此講，講雲嬌要使伊去別位，尚彼暗阿爸與我講，	NULL	NULL	語苑3：65-6	罔市	語苑三
2479	講彼個阿姆，本成與汝講是汝的老母，實在不是汝的親母，	NULL	NULL	語苑3：66	罔市	語苑三
2480	汝的親母是已經死咯，汝在Ｇ老母，實在是阿姆，	NULL	NULL	語苑3：66	罔市	語苑三
2481	所以伊是不愛恁....。	NULL	NULL	語苑3：66	罔市	語苑三
2482	罔市....罔市....我實在就是汝的生母....汝雖然較少歲，	NULL	NULL	語苑3：66	雲嬌	語苑三
2483	汝怎樣戇到此款，不知半項....嗚，遇著此號姑家，	NULL	NULL	語苑3：66	雲嬌	語苑三
2484	真無法得，咱前世不知與伊結冤讎，結到按怎樣，今仔日，	NULL	NULL	語苑3：66	雲嬌	語苑三
2485	被伊害到此呢悽慘，伊尚且不足，連此號查某孫，	NULL	NULL	語苑3：66	雲嬌	語苑三
2486	亦害伊到此款，親像彼辨，是罪惡貫滿嗚，	NULL	NULL	語苑3：66	雲嬌	語苑三
2487	天地神明若有聖，豈沒保庇阮母仔子....嗚，實在真業命....。	NULL	NULL	語苑3：66	雲嬌	語苑三
2488	阿娘，不可泣嗚....我今真不著....阿娘....阿娘....。	NULL	NULL	語苑3：66-7	罔市	語苑三
2489	罔市，較久亦著的確Ｇ我阿娘....我實在是汝的老母。	NULL	NULL	語苑3：67	雲嬌	語苑三
2490	阿娘，我能曉得咯。	NULL	NULL	語苑3：67	罔市	語苑三
2491	若能曉得就好，此幫恁阿爸與嬰仔，按怎樣呢....。	NULL	NULL	語苑3：67	雲嬌	語苑三
2492	嬰仔我各日都負在ＣＤ，尚阿爸去在米店裡....。	NULL	NULL	語苑3：67	罔市	語苑三
2493	阿爸與嬰仔有勇勇無....。	NULL	NULL	語苑3：67	雲嬌	語苑三
2494	二個都攏勇勇，不拘阿爸在講，講伊敢著去打生蕃，	NULL	NULL	語苑3：67	罔市	語苑三
2495	不止煩惱，將我與嬰仔，講要趕緊寄別人。	NULL	NULL	語苑3：67	罔市	語苑三
2496	如此Ｆ，真幸哉，大家勇勇健健....打生蕃	NULL	NULL	語苑3：67-8	雲嬌	語苑三